backend	loaded_in_starrocks	namespace	statement_id	command	tables	source	integration_test_methods	starrocks_test_methods	starrocks_verification
clickhouse	false	org.cbioportal.infrastructure.repository.clickhouse.alteration.ClickhouseAlterationMapper	getAllMolecularProfiles	SELECT	cancer_study,genetic_profile,reference_genome	src/main/resources/mappers/clickhouse/alteration/ClickhouseAlterationMapper.xml	UNVERIFIED	UNVERIFIED	NOT_APPLICABLE
clickhouse	false	org.cbioportal.infrastructure.repository.clickhouse.alteration.ClickhouseAlterationMapper	getAlterationCountByGeneGivenPatientsAndMolecularProfiles	SELECT	genomic_event_derived	src/main/resources/mappers/clickhouse/alteration/ClickhouseAlterationMapper.xml	UNVERIFIED	UNVERIFIED	NOT_APPLICABLE
clickhouse	false	org.cbioportal.infrastructure.repository.clickhouse.alteration.ClickhouseAlterationMapper	getAlterationCountByGeneGivenSamplesAndMolecularProfiles	SELECT	genomic_event_derived	src/main/resources/mappers/clickhouse/alteration/ClickhouseAlterationMapper.xml	UNVERIFIED	UNVERIFIED	NOT_APPLICABLE
clickhouse	false	org.cbioportal.infrastructure.repository.clickhouse.alteration.ClickhouseAlterationMapper	getCnaGenes	SELECT	cancer_study,clinical_attribute_meta,clinical_data_derived,clinical_event_data_derived,gene_panel_to_gene_derived,generic_assay_data_derived,genetic_alteration_derived,genetic_profile,genomic_event_derived,sample_derived,sample_list,sample_list_list,sample_profile,sample_to_gene_panel_derived	src/main/resources/mappers/clickhouse/alteration/ClickhouseAlterationMapper.xml	ClickhouseAlterationMapperTest#getCnaGenes,ClickhouseAlterationMapperTest#getCnaGenesWithAlterationFilter,ClickhouseAlterationMapperTest#testCnaGenesOnPanelCount	UNVERIFIED	NOT_APPLICABLE
clickhouse	false	org.cbioportal.infrastructure.repository.clickhouse.alteration.ClickhouseAlterationMapper	getEntityToGenePanels	SELECT	sample_derived,sample_to_gene_panel_derived	src/main/resources/mappers/clickhouse/alteration/ClickhouseAlterationMapper.xml	UNVERIFIED	UNVERIFIED	NOT_APPLICABLE
clickhouse	false	org.cbioportal.infrastructure.repository.clickhouse.alteration.ClickhouseAlterationMapper	getGenePanelGenes	SELECT	gene,gene_panel_to_gene_derived	src/main/resources/mappers/clickhouse/alteration/ClickhouseAlterationMapper.xml	UNVERIFIED	UNVERIFIED	NOT_APPLICABLE
clickhouse	false	org.cbioportal.infrastructure.repository.clickhouse.alteration.ClickhouseAlterationMapper	getMatchingGenePanelIds	SELECT	cancer_study,clinical_attribute_meta,clinical_data_derived,clinical_event_data_derived,gene_panel_to_gene_derived,generic_assay_data_derived,genetic_alteration_derived,genetic_profile,genomic_event_derived,sample_derived,sample_list,sample_list_list,sample_profile,sample_to_gene_panel_derived	src/main/resources/mappers/clickhouse/alteration/ClickhouseAlterationMapper.xml	UNVERIFIED	UNVERIFIED	NOT_APPLICABLE
clickhouse	false	org.cbioportal.infrastructure.repository.clickhouse.alteration.ClickhouseAlterationMapper	getMutatedGenes	SELECT	cancer_study,clinical_attribute_meta,clinical_data_derived,clinical_event_data_derived,gene_panel_to_gene_derived,generic_assay_data_derived,genetic_alteration_derived,genetic_profile,genomic_event_derived,sample_derived,sample_list,sample_list_list,sample_profile,sample_to_gene_panel_derived	src/main/resources/mappers/clickhouse/alteration/ClickhouseAlterationMapper.xml	ClickhouseAlterationMapperTest#getMutatedGenes,ClickhouseAlterationMapperTest#getMutatedGenesWithAlterationFilter,ClickhouseAlterationMapperTest#testMutatedGenesOnPanelCount	UNVERIFIED	NOT_APPLICABLE
clickhouse	false	org.cbioportal.infrastructure.repository.clickhouse.alteration.ClickhouseAlterationMapper	getSampleProfileCountWithoutPanelData	SELECT	cancer_study,clinical_attribute_meta,clinical_data_derived,clinical_event_data_derived,gene_panel_to_gene_derived,generic_assay_data_derived,genetic_alteration_derived,genetic_profile,genomic_event_derived,sample_derived,sample_list,sample_list_list,sample_profile,sample_to_gene_panel_derived	src/main/resources/mappers/clickhouse/alteration/ClickhouseAlterationMapper.xml	ClickhouseAlterationMapperTest#getTotalProfiledCountsByGene	UNVERIFIED	NOT_APPLICABLE
clickhouse	false	org.cbioportal.infrastructure.repository.clickhouse.alteration.ClickhouseAlterationMapper	getStructuralVariantGenes	SELECT	cancer_study,clinical_attribute_meta,clinical_data_derived,clinical_event_data_derived,gene_panel_to_gene_derived,generic_assay_data_derived,genetic_alteration_derived,genetic_profile,genomic_event_derived,sample_derived,sample_list,sample_list_list,sample_profile,sample_to_gene_panel_derived	src/main/resources/mappers/clickhouse/alteration/ClickhouseAlterationMapper.xml	ClickhouseAlterationMapperTest#getStructuralVariantGenes,ClickhouseAlterationMapperTest#testStructuralVariantGenesOnPanelCount	UNVERIFIED	NOT_APPLICABLE
clickhouse	false	org.cbioportal.infrastructure.repository.clickhouse.alteration.ClickhouseAlterationMapper	getTotalProfiledCounts	SELECT	cancer_study,clinical_attribute_meta,clinical_data_derived,clinical_event_data_derived,gene_panel_to_gene_derived,generic_assay_data_derived,genetic_alteration_derived,genetic_profile,genomic_event_derived,sample_derived,sample_list,sample_list_list,sample_profile,sample_to_gene_panel_derived	src/main/resources/mappers/clickhouse/alteration/ClickhouseAlterationMapper.xml	ClickhouseAlterationMapperTest#getTotalProfiledCountsByGene	UNVERIFIED	NOT_APPLICABLE
clickhouse	false	org.cbioportal.infrastructure.repository.clickhouse.cancerstudy.ClickhouseCancerStudyMapper	getCancerStudiesMetadata	SELECT	cancer_study,clinical_event_data_derived,genomic_event_derived,reference_genome,sample_list,sample_list_list,type_of_cancer	src/main/resources/mappers/clickhouse/cancerstudy/CancerStudyMapper.xml	UNVERIFIED	UNVERIFIED	NOT_APPLICABLE
clickhouse	false	org.cbioportal.infrastructure.repository.clickhouse.cancerstudy.ClickhouseCancerStudyMapper	getCancerStudiesMetadataSummary	SELECT	cancer_study,reference_genome,sample_list,sample_list_list,type_of_cancer	src/main/resources/mappers/clickhouse/cancerstudy/CancerStudyMapper.xml	UNVERIFIED	UNVERIFIED	NOT_APPLICABLE
clickhouse	false	org.cbioportal.infrastructure.repository.clickhouse.cancerstudy.ClickhouseCancerStudyMapper	getFilteredStudyIds	SELECT	cancer_study,clinical_attribute_meta,clinical_data_derived,clinical_event_data_derived,gene_panel_to_gene_derived,generic_assay_data_derived,genetic_alteration_derived,genetic_profile,genomic_event_derived,sample_derived,sample_list,sample_list_list,sample_profile,sample_to_gene_panel_derived	src/main/resources/mappers/clickhouse/cancerstudy/CancerStudyMapper.xml	UNVERIFIED	UNVERIFIED	NOT_APPLICABLE
clickhouse	false	org.cbioportal.infrastructure.repository.clickhouse.cancerstudy.ClickhouseCancerStudyMapper	getResourceCountsForAllStudies	SELECT	cancer_study,patient,resource_definition,resource_patient,resource_sample,sample	src/main/resources/mappers/clickhouse/cancerstudy/CancerStudyMapper.xml	UNVERIFIED	UNVERIFIED	NOT_APPLICABLE
clickhouse	false	org.cbioportal.infrastructure.repository.clickhouse.clinical_attributes.ClickhouseClinicalAttributesMapper	getClinicalAttributes	SELECT	cancer_study,clinical_attribute_meta	src/main/resources/mappers/clickhouse/clinical_attributes/ClickhouseClinicalAttributesMapper.xml	UNVERIFIED	UNVERIFIED	NOT_APPLICABLE
clickhouse	false	org.cbioportal.infrastructure.repository.clickhouse.clinical_attributes.ClickhouseClinicalAttributesMapper	getClinicalAttributesForStudies	SELECT	cancer_study,clinical_attribute_meta	src/main/resources/mappers/clickhouse/clinical_attributes/ClickhouseClinicalAttributesMapper.xml	UNVERIFIED	UNVERIFIED	NOT_APPLICABLE
clickhouse	false	org.cbioportal.infrastructure.repository.clickhouse.clinical_attributes.ClickhouseClinicalAttributesMapper	getClinicalAttributesForStudiesDetailed	SELECT	cancer_study,clinical_attribute_meta	src/main/resources/mappers/clickhouse/clinical_attributes/ClickhouseClinicalAttributesMapper.xml	UNVERIFIED	UNVERIFIED	NOT_APPLICABLE
clickhouse	false	org.cbioportal.infrastructure.repository.clickhouse.clinical_data.ClickhouseClinicalDataMapper	fetchClinicalDataDetailed	SELECT	cancer_study,clinical_attribute_meta,clinical_data_derived	src/main/resources/mappers/clickhouse/clinical_data/ClickhouseClinicalDataMapper.xml	ClickhouseClinicalDataMapperTest#testProjectionTypesConsistency	UNVERIFIED	NOT_APPLICABLE
clickhouse	false	org.cbioportal.infrastructure.repository.clickhouse.clinical_data.ClickhouseClinicalDataMapper	fetchClinicalDataId	SELECT	clinical_data_derived	src/main/resources/mappers/clickhouse/clinical_data/ClickhouseClinicalDataMapper.xml	ClickhouseClinicalDataMapperTest#testDataCountConsistency,ClickhouseClinicalDataMapperTest#testProjectionTypesConsistency	UNVERIFIED	NOT_APPLICABLE
clickhouse	false	org.cbioportal.infrastructure.repository.clickhouse.clinical_data.ClickhouseClinicalDataMapper	fetchClinicalDataMeta	SELECT	clinical_data_derived	src/main/resources/mappers/clickhouse/clinical_data/ClickhouseClinicalDataMapper.xml	ClickhouseClinicalDataMapperTest#testDataCountConsistency,ClickhouseClinicalDataMapperTest#testEmptyAndNullConditions,ClickhouseClinicalDataMapperTest#testProjectionTypesConsistency	UNVERIFIED	NOT_APPLICABLE
clickhouse	false	org.cbioportal.infrastructure.repository.clickhouse.clinical_data.ClickhouseClinicalDataMapper	fetchClinicalDataSummary	SELECT	clinical_data_derived	src/main/resources/mappers/clickhouse/clinical_data/ClickhouseClinicalDataMapper.xml	ClickhouseClinicalDataMapperTest#testDataCountConsistency,ClickhouseClinicalDataMapperTest#testEmptyAndNullConditions,ClickhouseClinicalDataMapperTest#testProjectionTypesConsistency	UNVERIFIED	NOT_APPLICABLE
clickhouse	false	org.cbioportal.infrastructure.repository.clickhouse.clinical_data.ClickhouseClinicalDataMapper	fetchClinicalDataSummaryForEnrichments	SELECT	clinical_data_derived,sample_derived	src/main/resources/mappers/clickhouse/clinical_data/ClickhouseClinicalDataMapper.xml	UNVERIFIED	UNVERIFIED	NOT_APPLICABLE
clickhouse	false	org.cbioportal.infrastructure.repository.clickhouse.clinical_data.ClickhouseClinicalDataMapper	getClinicalDataCountsByStudyViewFilter	SELECT	cancer_study,clinical_attribute_meta,clinical_data_derived,clinical_event_data_derived,gene_panel_to_gene_derived,generic_assay_data_derived,genetic_alteration_derived,genetic_profile,genomic_event_derived,sample_derived,sample_list,sample_list_list,sample_profile,sample_to_gene_panel_derived	src/main/resources/mappers/clickhouse/clinical_data/ClickhouseClinicalDataMapper.xml	ClickhouseClinicalDataMapperTest#getAgeCounts,ClickhouseClinicalDataMapperTest#getAgeCountsForMultipleStudies,ClickhouseClinicalDataMapperTest#getCenterCounts,ClickhouseClinicalDataMapperTest#getConflictingAttributeCounts,ClickhouseClinicalDataMapperTest#getConflictingAttributeCountsWithFiltering,ClickhouseClinicalDataMapperTest#getConflictingAttributeCountsWithSampleAndPatientAttributes,ClickhouseClinicalDataMapperTest#getDeadCounts,ClickhouseClinicalDataMapperTest#getMutationAndCenterCounts,ClickhouseClinicalDataMapperTest#getMutationCounts,ClickhouseClinicalDataMapperTest#getMutationCountsFilteredByAge,ClickhouseClinicalDataMapperTest#getMutationCountsFilteredByAgeWithOpenEndValues,ClickhouseClinicalDataMapperTest#getMutationCountsFilteredByAgeWithOpenStartValues	UNVERIFIED	NOT_APPLICABLE
clickhouse	false	org.cbioportal.infrastructure.repository.clickhouse.clinical_data.ClickhouseClinicalDataMapper	getClinicalDataCountsForEnrichments	SELECT	clinical_data_derived,sample_derived	src/main/resources/mappers/clickhouse/clinical_data/ClickhouseClinicalDataMapper.xml	UNVERIFIED	UNVERIFIED	NOT_APPLICABLE
clickhouse	false	org.cbioportal.infrastructure.repository.clickhouse.clinical_data.ClickhouseClinicalDataMapper	getPatientClinicalDataByStudyViewFilter	SELECT	cancer_study,clinical_attribute_meta,clinical_data_derived,clinical_event_data_derived,gene_panel_to_gene_derived,generic_assay_data_derived,genetic_alteration_derived,genetic_profile,genomic_event_derived,sample_derived,sample_list,sample_list_list,sample_profile,sample_to_gene_panel_derived	src/main/resources/mappers/clickhouse/clinical_data/ClickhouseClinicalDataMapper.xml	ClickhouseClinicalDataMapperTest#getPatientClinicalDataByStudyViewFilter	UNVERIFIED	NOT_APPLICABLE
clickhouse	false	org.cbioportal.infrastructure.repository.clickhouse.clinical_data.ClickhouseClinicalDataMapper	getSampleClinicalDataByStudyViewFilter	SELECT	cancer_study,clinical_attribute_meta,clinical_data_derived,clinical_event_data_derived,gene_panel_to_gene_derived,generic_assay_data_derived,genetic_alteration_derived,genetic_profile,genomic_event_derived,sample_derived,sample_list,sample_list_list,sample_profile,sample_to_gene_panel_derived	src/main/resources/mappers/clickhouse/clinical_data/ClickhouseClinicalDataMapper.xml	ClickhouseClinicalDataMapperTest#getSampleClinicalDataByStudyViewFilter	UNVERIFIED	NOT_APPLICABLE
clickhouse	false	org.cbioportal.infrastructure.repository.clickhouse.clinical_event.ClickhouseClinicalEventMapper	getClinicalEventTypeCounts	SELECT	cancer_study,clinical_attribute_meta,clinical_data_derived,clinical_event_data_derived,gene_panel_to_gene_derived,generic_assay_data_derived,genetic_alteration_derived,genetic_profile,genomic_event_derived,sample_derived,sample_list,sample_list_list,sample_profile,sample_to_gene_panel_derived	src/main/resources/mappers/clickhouse/clinical_event/ClickhouseClinicalEventMapper.xml	ClickhouseClinicalEventMapperTest#getClinicalEventTypeCounts	UNVERIFIED	NOT_APPLICABLE
clickhouse	false	org.cbioportal.infrastructure.repository.clickhouse.coexpression.ClickhouseCoExpressionMapper	getCoExpressions	SELECT	gene,genetic_alteration_derived	src/main/resources/mappers/clickhouse/coexpression/ClickhouseCoExpressionMapper.xml	ClickhouseCoExpressionMapperTest#testConstantGeneReturnedWithNullCorrelation,ClickhouseCoExpressionMapperTest#testMinimumSampleCountReturnsNullCorrelation,ClickhouseCoExpressionMapperTest#testMissingValueHandling,ClickhouseCoExpressionMapperTest#testSameProfileCoExpression,ClickhouseCoExpressionMapperTest#testSampleFiltering,ClickhouseCoExpressionMapperTest#testThresholdFiltering	UNVERIFIED	NOT_APPLICABLE
clickhouse	false	org.cbioportal.infrastructure.repository.clickhouse.generic_assay.ClickhouseGenericAssayMapper	getFilteredMolecularProfilesByAlterationType	SELECT	cancer_study,clinical_attribute_meta,clinical_data_derived,clinical_event_data_derived,gene_panel_to_gene_derived,generic_assay_data_derived,genetic_alteration_derived,genetic_profile,genomic_event_derived,sample_derived,sample_list,sample_list_list,sample_profile,sample_to_gene_panel_derived	src/main/resources/mappers/clickhouse/generic_assay/GenericAssayMapper.xml	UNVERIFIED	UNVERIFIED	NOT_APPLICABLE
clickhouse	false	org.cbioportal.infrastructure.repository.clickhouse.generic_assay.ClickhouseGenericAssayMapper	getGenericAssayDataBinCounts	SELECT	cancer_study,clinical_attribute_meta,clinical_data_derived,clinical_event_data_derived,gene_panel_to_gene_derived,generic_assay_data_derived,genetic_alteration_derived,genetic_profile,genomic_event_derived,sample_derived,sample_list,sample_list_list,sample_profile,sample_to_gene_panel_derived	src/main/resources/mappers/clickhouse/generic_assay/GenericAssayMapper.xml	ClickhouseGenericAssayMapperTest#getPatientCategoricalGenericAssayDataBinCounts,ClickhouseGenericAssayMapperTest#getSampleCategoricalGenericAssayDataBinCounts	UNVERIFIED	NOT_APPLICABLE
clickhouse	false	org.cbioportal.infrastructure.repository.clickhouse.generic_assay.ClickhouseGenericAssayMapper	getGenericAssayDataCounts	SELECT	cancer_study,clinical_attribute_meta,clinical_data_derived,clinical_event_data_derived,gene_panel_to_gene_derived,generic_assay_data_derived,genetic_alteration_derived,genetic_profile,genomic_event_derived,sample_derived,sample_list,sample_list_list,sample_profile,sample_to_gene_panel_derived	src/main/resources/mappers/clickhouse/generic_assay/GenericAssayMapper.xml	ClickhouseGenericAssayMapperTest#getPatientCategoricalGenericAssayDataCounts,ClickhouseGenericAssayMapperTest#getSampleCategoricalGenericAssayDataCounts,ClickhouseGenericAssayMapperTest#getSampleCategoricalGenericAssayDataCounts_countsDistinctSamples	UNVERIFIED	NOT_APPLICABLE
clickhouse	false	org.cbioportal.infrastructure.repository.clickhouse.generic_assay.ClickhouseGenericAssayMapper	getGenericAssayDataCountsByProfileType	SELECT	cancer_study,clinical_attribute_meta,clinical_data_derived,clinical_event_data_derived,gene_panel_to_gene_derived,generic_assay_data_derived,genetic_alteration_derived,genetic_profile,genomic_event_derived,sample_derived,sample_list,sample_list_list,sample_profile,sample_to_gene_panel_derived	src/main/resources/mappers/clickhouse/generic_assay/GenericAssayMapper.xml	ClickhouseGenericAssayMapperTest#getPatientCategoricalGenericAssayDataCountsByProfileType,ClickhouseGenericAssayMapperTest#getSampleCategoricalGenericAssayDataCountsByProfileType,ClickhouseGenericAssayMapperTest#getSampleCategoricalGenericAssayDataCountsByProfileType_countsDistinctSamples,ClickhouseGenericAssayMapperTest#getSampleCategoricalGenericAssayDataCountsByProfileType_ignoresStudiesWithoutProfile	UNVERIFIED	NOT_APPLICABLE
clickhouse	false	org.cbioportal.infrastructure.repository.clickhouse.generic_assay.ClickhouseGenericAssayMapper	getGenericAssayMetaByProfileIds	SELECT	generic_assay_meta_derived,generic_assay_profile_entity_derived	src/main/resources/mappers/clickhouse/generic_assay/GenericAssayMapper.xml	ClickhouseGenericAssayMapperTest#getGenericAssayMetaByProfileIds_noStableIdsFilter_returnsAllEntities,ClickhouseGenericAssayMapperTest#getGenericAssayMetaByProfileIds_sortsNumerically,ClickhouseGenericAssayMapperTest#getGenericAssayMetaByProfileIds_withStableIdsFilter_returnsOnlyMatchingEntities	UNVERIFIED	NOT_APPLICABLE
clickhouse	false	org.cbioportal.infrastructure.repository.clickhouse.generic_assay.ClickhouseGenericAssayMapper	getGenericAssayMetaByStableIds	SELECT	generic_assay_meta_derived	src/main/resources/mappers/clickhouse/generic_assay/GenericAssayMapper.xml	ClickhouseGenericAssayMapperTest#getGenericAssayMetaByStableIds_returnsMetaWithProperties,ClickhouseGenericAssayMapperTest#getGenericAssayMetaByStableIds_sortsNumerically	UNVERIFIED	NOT_APPLICABLE
clickhouse	false	org.cbioportal.infrastructure.repository.clickhouse.generic_assay.ClickhouseGenericAssayMapper	getGenericAssayProfiles	SELECT	cancer_study,genetic_profile,reference_genome	src/main/resources/mappers/clickhouse/generic_assay/GenericAssayMapper.xml	UNVERIFIED	UNVERIFIED	NOT_APPLICABLE
clickhouse	false	org.cbioportal.infrastructure.repository.clickhouse.generic_assay.ClickhouseGenericAssayMapper	getGenericAssayStableIdsByProfileIds	SELECT	generic_assay_profile_entity_derived	src/main/resources/mappers/clickhouse/generic_assay/GenericAssayMapper.xml	ClickhouseGenericAssayMapperTest#getGenericAssayStableIdsByProfileIds_returnsEntityStableIds,ClickhouseGenericAssayMapperTest#getGenericAssayStableIdsByProfileIds_sortsNumerically	UNVERIFIED	NOT_APPLICABLE
clickhouse	false	org.cbioportal.infrastructure.repository.clickhouse.genomic_data.ClickhouseGenomicDataMapper	getCNACounts	SELECT	cancer_study,clinical_attribute_meta,clinical_data_derived,clinical_event_data_derived,gene_panel_to_gene_derived,generic_assay_data_derived,genetic_alteration_derived,genetic_profile,genomic_event_derived,sample_derived,sample_list,sample_list_list,sample_profile,sample_to_gene_panel_derived	src/main/resources/mappers/clickhouse/genomic_data/ClickhouseGenomicDataMapper.xml	ClickhouseGenomicDataMapperTest#getCNACounts	UNVERIFIED	NOT_APPLICABLE
clickhouse	false	org.cbioportal.infrastructure.repository.clickhouse.genomic_data.ClickhouseGenomicDataMapper	getGenomicDataBinCounts	SELECT	cancer_study,clinical_attribute_meta,clinical_data_derived,clinical_event_data_derived,gene_panel_to_gene_derived,generic_assay_data_derived,genetic_alteration_derived,genetic_profile,genomic_event_derived,sample_derived,sample_list,sample_list_list,sample_profile,sample_to_gene_panel_derived	src/main/resources/mappers/clickhouse/genomic_data/ClickhouseGenomicDataMapper.xml	ClickhouseGenomicDataMapperTest#getProteinExpressionCounts	UNVERIFIED	NOT_APPLICABLE
clickhouse	false	org.cbioportal.infrastructure.repository.clickhouse.genomic_data.ClickhouseGenomicDataMapper	getMolecularProfileSampleCounts	SELECT	cancer_study,clinical_attribute_meta,clinical_data_derived,clinical_event_data_derived,gene_panel_to_gene_derived,generic_assay_data_derived,genetic_alteration_derived,genetic_profile,genomic_event_derived,sample_derived,sample_list,sample_list_list,sample_profile,sample_to_gene_panel_derived	src/main/resources/mappers/clickhouse/genomic_data/ClickhouseGenomicDataMapper.xml	ClickhouseGenomicDataMapperTest#getMolecularProfileCounts,ClickhouseGenomicDataMapperTest#getMolecularProfileCountsMultipleProfilesIntersect,ClickhouseGenomicDataMapperTest#getMolecularProfileCountsMultipleProfilesUnion,ClickhouseGenomicDataMapperTest#getMolecularProfileCountsMultipleStudies	UNVERIFIED	NOT_APPLICABLE
clickhouse	false	org.cbioportal.infrastructure.repository.clickhouse.genomic_data.ClickhouseGenomicDataMapper	getMutationCounts	SELECT	cancer_study,clinical_attribute_meta,clinical_data_derived,clinical_event_data_derived,gene_panel_to_gene_derived,generic_assay_data_derived,genetic_alteration_derived,genetic_profile,genomic_event_derived,sample_derived,sample_list,sample_list_list,sample_profile,sample_to_gene_panel_derived	src/main/resources/mappers/clickhouse/genomic_data/ClickhouseGenomicDataMapper.xml	ClickhouseGenomicDataMapperTest#getMutationCounts	UNVERIFIED	NOT_APPLICABLE
clickhouse	false	org.cbioportal.infrastructure.repository.clickhouse.genomic_data.ClickhouseGenomicDataMapper	getMutationCountsByType	SELECT	cancer_study,clinical_attribute_meta,clinical_data_derived,clinical_event_data_derived,gene_panel_to_gene_derived,generic_assay_data_derived,genetic_alteration_derived,genetic_profile,genomic_event_derived,sample_derived,sample_list,sample_list_list,sample_profile,sample_to_gene_panel_derived	src/main/resources/mappers/clickhouse/genomic_data/ClickhouseGenomicDataMapper.xml	ClickhouseGenomicDataMapperTest#getMutationCountsByType,ClickhouseGenomicDataMapperTest#getMutationCountsByTypeAddSampleId,ClickhouseGenomicDataMapperTest#getMutationCountsByTypeNoSampleId	UNVERIFIED	NOT_APPLICABLE
clickhouse	false	org.cbioportal.infrastructure.repository.clickhouse.mutation.ClickhouseMutationMapper	getDetailedMutationsInMultipleMolecularProfiles	SELECT	allele_specific_copy_number,alteration_driver_annotation,cancer_study,gene,genetic_profile,mutation,mutation_event,patient,sample	src/main/resources/mappers/clickhouse/mutation/ClickhouseMutationDataMapper.xml	ClickhouseMutationMapperTest#getMetaMutationsInMultipleMolecularProfiles_ProjectionSize	UNVERIFIED	NOT_APPLICABLE
clickhouse	false	org.cbioportal.infrastructure.repository.clickhouse.mutation.ClickhouseMutationMapper	getMetaMutationsInMultipleMolecularProfiles	SELECT	alteration_driver_annotation,cancer_study,genetic_profile,mutation,mutation_event,patient,sample	src/main/resources/mappers/clickhouse/mutation/ClickhouseMutationDataMapper.xml	ClickhouseMutationMapperTest#getMetaMutationsInMultipleMolecularProfiles,ClickhouseMutationMapperTest#getMetaMutationsInMultipleMolecularProfiles_SampleIdEmpty	UNVERIFIED	NOT_APPLICABLE
clickhouse	false	org.cbioportal.infrastructure.repository.clickhouse.mutation.ClickhouseMutationMapper	getMutationsInMultipleMolecularProfilesId	SELECT	alteration_driver_annotation,cancer_study,genetic_profile,mutation,patient,sample	src/main/resources/mappers/clickhouse/mutation/ClickhouseMutationDataMapper.xml	ClickhouseMutationMapperTest#getMetaMutationsInMultipleMolecularProfiles_ProjectionSize,ClickhouseMutationMapperTest#getMutationsInMultipleMolecularProfilesIdProjection	UNVERIFIED	NOT_APPLICABLE
clickhouse	false	org.cbioportal.infrastructure.repository.clickhouse.mutation.ClickhouseMutationMapper	getSummaryMutationsInMultipleMolecularProfiles	SELECT	alteration_driver_annotation,cancer_study,genetic_profile,mutation,mutation_event,patient,sample	src/main/resources/mappers/clickhouse/mutation/ClickhouseMutationDataMapper.xml	ClickhouseMutationMapperTest#getMetaMutationsInMultipleMolecularProfiles_ProjectionSize	UNVERIFIED	NOT_APPLICABLE
clickhouse	false	org.cbioportal.infrastructure.repository.clickhouse.patient.ClickhousePatientMapper	getCaseListDataCounts	SELECT	cancer_study,clinical_attribute_meta,clinical_data_derived,clinical_event_data_derived,gene_panel_to_gene_derived,generic_assay_data_derived,genetic_alteration_derived,genetic_profile,genomic_event_derived,sample_derived,sample_list,sample_list_list,sample_profile,sample_to_gene_panel_derived	src/main/resources/mappers/clickhouse/patient/ClickhousePatientMapper.xml	ClickhousePatientMapperTest#getMolecularProfileCounts,ClickhousePatientMapperTest#getMolecularProfileCountsAcrossStudies,ClickhousePatientMapperTest#getMolecularProfileCountsMultipleListsAnd,ClickhousePatientMapperTest#getMolecularProfileCountsMultipleListsOr	UNVERIFIED	NOT_APPLICABLE
clickhouse	false	org.cbioportal.infrastructure.repository.clickhouse.patient.ClickhousePatientMapper	getPatientCount	SELECT	cancer_study,clinical_attribute_meta,clinical_data_derived,clinical_event_data_derived,gene_panel_to_gene_derived,generic_assay_data_derived,genetic_alteration_derived,genetic_profile,genomic_event_derived,sample_derived,sample_list,sample_list_list,sample_profile,sample_to_gene_panel_derived	src/main/resources/mappers/clickhouse/patient/ClickhousePatientMapper.xml	UNVERIFIED	UNVERIFIED	NOT_APPLICABLE
clickhouse	false	org.cbioportal.infrastructure.repository.clickhouse.sample.ClickhouseSampleMapper	getDetailedSamples	SELECT	cancer_study,patient,reference_genome,sample_derived	src/main/resources/mappers/clickhouse/sample/ClickhouseSampleMapper.xml	ClickhouseSampleMapperTest#getDetailedSamples,ClickhouseSampleMapperTest#getDetailedSamplesByStudyAndSampleIds	UNVERIFIED	NOT_APPLICABLE
clickhouse	false	org.cbioportal.infrastructure.repository.clickhouse.sample.ClickhouseSampleMapper	getDetailedSamplesBySampleListIds	SELECT	cancer_study,patient,reference_genome,sample_derived,sample_list,sample_list_list	src/main/resources/mappers/clickhouse/sample/ClickhouseSampleMapper.xml	ClickhouseSampleMapperTest#getDetailedSamplesBySampleListIds	UNVERIFIED	NOT_APPLICABLE
clickhouse	false	org.cbioportal.infrastructure.repository.clickhouse.sample.ClickhouseSampleMapper	getFilteredSamples	SELECT	cancer_study,clinical_attribute_meta,clinical_data_derived,clinical_event_data_derived,gene_panel_to_gene_derived,generic_assay_data_derived,genetic_alteration_derived,genetic_profile,genomic_event_derived,sample_derived,sample_list,sample_list_list,sample_profile,sample_to_gene_panel_derived	src/main/resources/mappers/clickhouse/sample/ClickhouseSampleMapper.xml	ClickhouseSampleMapperTest#getFilteredSamples,ClickhouseSampleMapperTest#getSamplesFilteredByClinicalData,ClickhouseSampleMapperTest#getSamplesFilteredByPatientLevelGenericAssaySelection,ClickhouseSampleMapperTest#getSamplesFilteredBySampleLevelGenericAssaySelection,ClickhouseSampleMapperTest#getSamplesFilteredBySampleLevelGenericAssaySelection_doesNotTreatWildcardsAsMatchAll,ClickhouseSampleMapperTest#getSamplesFilteredBySampleLevelGenericAssaySelection_isCaseInsensitive	UNVERIFIED	NOT_APPLICABLE
clickhouse	false	org.cbioportal.infrastructure.repository.clickhouse.sample.ClickhouseSampleMapper	getMetaSamples	SELECT	sample_derived	src/main/resources/mappers/clickhouse/sample/ClickhouseSampleMapper.xml	ClickhouseSampleMapperTest#getMetaSamples	UNVERIFIED	NOT_APPLICABLE
clickhouse	false	org.cbioportal.infrastructure.repository.clickhouse.sample.ClickhouseSampleMapper	getMetaSamplesBySampleListIds	SELECT	sample_derived,sample_list,sample_list_list	src/main/resources/mappers/clickhouse/sample/ClickhouseSampleMapper.xml	ClickhouseSampleMapperTest#getMetaSamplesBySampleListIds	UNVERIFIED	NOT_APPLICABLE
clickhouse	false	org.cbioportal.infrastructure.repository.clickhouse.sample.ClickhouseSampleMapper	getSample	SELECT	cancer_study,patient,reference_genome,sample_derived	src/main/resources/mappers/clickhouse/sample/ClickhouseSampleMapper.xml	ClickhouseSampleMapperTest#getSample	UNVERIFIED	NOT_APPLICABLE
clickhouse	false	org.cbioportal.infrastructure.repository.clickhouse.sample.ClickhouseSampleMapper	getSampleCount	SELECT	cancer_study,clinical_attribute_meta,clinical_data_derived,clinical_event_data_derived,gene_panel_to_gene_derived,generic_assay_data_derived,genetic_alteration_derived,genetic_profile,genomic_event_derived,sample_derived,sample_list,sample_list_list,sample_profile,sample_to_gene_panel_derived	src/main/resources/mappers/clickhouse/sample/ClickhouseSampleMapper.xml	UNVERIFIED	UNVERIFIED	NOT_APPLICABLE
clickhouse	false	org.cbioportal.infrastructure.repository.clickhouse.sample.ClickhouseSampleMapper	getSamples	SELECT	sample_derived	src/main/resources/mappers/clickhouse/sample/ClickhouseSampleMapper.xml	ClickhouseSampleMapperTest#getSamples,ClickhouseSampleMapperTest#getSamplesByStudyAndSampleIds	UNVERIFIED	NOT_APPLICABLE
clickhouse	false	org.cbioportal.infrastructure.repository.clickhouse.sample.ClickhouseSampleMapper	getSamplesBySampleListIds	SELECT	sample_derived,sample_list,sample_list_list	src/main/resources/mappers/clickhouse/sample/ClickhouseSampleMapper.xml	ClickhouseSampleMapperTest#getSamplesBySampleListIds	UNVERIFIED	NOT_APPLICABLE
clickhouse	false	org.cbioportal.infrastructure.repository.clickhouse.sample.ClickhouseSampleMapper	getSummarySamples	SELECT	sample_derived	src/main/resources/mappers/clickhouse/sample/ClickhouseSampleMapper.xml	ClickhouseSampleMapperTest#getSummarySamples,ClickhouseSampleMapperTest#getSummarySamplesByStudyAndSampleIds	UNVERIFIED	NOT_APPLICABLE
clickhouse	false	org.cbioportal.infrastructure.repository.clickhouse.sample.ClickhouseSampleMapper	getSummarySamplesBySampleListIds	SELECT	sample_derived,sample_list,sample_list_list	src/main/resources/mappers/clickhouse/sample/ClickhouseSampleMapper.xml	ClickhouseSampleMapperTest#getSummarySamplesBySampleListIds	UNVERIFIED	NOT_APPLICABLE
clickhouse	false	org.cbioportal.infrastructure.repository.clickhouse.treatment.ClickhouseTreatmentMapper	getPatientTreatmentCounts	SELECT	cancer_study,clinical_attribute_meta,clinical_data_derived,clinical_event_data_derived,gene_panel_to_gene_derived,generic_assay_data_derived,genetic_alteration_derived,genetic_profile,genomic_event_derived,sample_derived,sample_list,sample_list_list,sample_profile,sample_to_gene_panel_derived	src/main/resources/mappers/clickhouse/treatment/ClickhouseTreatmentMapper.xml	ClickhouseTreatmentMapperTest#getPatientTreatments	UNVERIFIED	NOT_APPLICABLE
clickhouse	false	org.cbioportal.infrastructure.repository.clickhouse.treatment.ClickhouseTreatmentMapper	getPatientTreatments	SELECT	cancer_study,clinical_attribute_meta,clinical_data_derived,clinical_event_data_derived,gene_panel_to_gene_derived,generic_assay_data_derived,genetic_alteration_derived,genetic_profile,genomic_event_derived,sample_derived,sample_list,sample_list_list,sample_profile,sample_to_gene_panel_derived	src/main/resources/mappers/clickhouse/treatment/ClickhouseTreatmentMapper.xml	ClickhouseTreatmentMapperTest#getPatientTreatments	UNVERIFIED	NOT_APPLICABLE
clickhouse	false	org.cbioportal.infrastructure.repository.clickhouse.treatment.ClickhouseTreatmentMapper	getSampleTreatmentCounts	SELECT	cancer_study,clinical_attribute_meta,clinical_data_derived,clinical_event_data_derived,gene_panel_to_gene_derived,generic_assay_data_derived,genetic_alteration_derived,genetic_profile,genomic_event_derived,sample_derived,sample_list,sample_list_list,sample_profile,sample_to_gene_panel_derived	src/main/resources/mappers/clickhouse/treatment/ClickhouseTreatmentMapper.xml	ClickhouseTreatmentMapperTest#getTotalSampleTreatmentCounts	UNVERIFIED	NOT_APPLICABLE
clickhouse	false	org.cbioportal.infrastructure.repository.clickhouse.treatment.ClickhouseTreatmentMapper	getTotalSampleTreatmentCounts	SELECT	cancer_study,clinical_attribute_meta,clinical_data_derived,clinical_event_data_derived,gene_panel_to_gene_derived,generic_assay_data_derived,genetic_alteration_derived,genetic_profile,genomic_event_derived,sample_derived,sample_list,sample_list_list,sample_profile,sample_to_gene_panel_derived	src/main/resources/mappers/clickhouse/treatment/ClickhouseTreatmentMapper.xml	ClickhouseTreatmentMapperTest#getTotalSampleTreatmentCounts	UNVERIFIED	NOT_APPLICABLE
clickhouse-legacy	false	org.cbioportal.legacy.persistence.mybatisclickhouse.StudyViewMapper	getCNACounts	SELECT	cancer_study,clinical_data_derived,clinical_event_data_derived,gene_panel_to_gene_derived,generic_assay_data_derived,genetic_alteration_derived,genetic_profile,genomic_event_derived,sample_derived,sample_list,sample_list_list,sample_profile,sample_to_gene_panel_derived	src/main/resources/org/cbioportal/persistence/mybatisclickhouse/StudyViewMapper.xml	UNVERIFIED	UNVERIFIED	NOT_APPLICABLE
clickhouse-legacy	false	org.cbioportal.legacy.persistence.mybatisclickhouse.StudyViewMapper	getCaseListDataCountsPerStudy	SELECT	cancer_study,clinical_data_derived,clinical_event_data_derived,gene_panel_to_gene_derived,generic_assay_data_derived,genetic_alteration_derived,genetic_profile,genomic_event_derived,sample_derived,sample_list,sample_list_list,sample_profile,sample_to_gene_panel_derived	src/main/resources/org/cbioportal/persistence/mybatisclickhouse/StudyViewMapper.xml	UNVERIFIED	UNVERIFIED	NOT_APPLICABLE
clickhouse-legacy	false	org.cbioportal.legacy.persistence.mybatisclickhouse.StudyViewMapper	getClinicalAttributes	SELECT	cancer_study,clinical_attribute_meta	src/main/resources/org/cbioportal/persistence/mybatisclickhouse/StudyViewMapper.xml	UNVERIFIED	UNVERIFIED	NOT_APPLICABLE
clickhouse-legacy	false	org.cbioportal.legacy.persistence.mybatisclickhouse.StudyViewMapper	getClinicalAttributesForStudies	SELECT	cancer_study,clinical_attribute_meta	src/main/resources/org/cbioportal/persistence/mybatisclickhouse/StudyViewMapper.xml	UNVERIFIED	UNVERIFIED	NOT_APPLICABLE
clickhouse-legacy	false	org.cbioportal.legacy.persistence.mybatisclickhouse.StudyViewMapper	getClinicalDataCounts	SELECT	cancer_study,clinical_data_derived,clinical_event_data_derived,gene_panel_to_gene_derived,generic_assay_data_derived,genetic_alteration_derived,genetic_profile,genomic_event_derived,sample_derived,sample_list,sample_list_list,sample_profile,sample_to_gene_panel_derived	src/main/resources/org/cbioportal/persistence/mybatisclickhouse/StudyViewMapper.xml	UNVERIFIED	UNVERIFIED	NOT_APPLICABLE
clickhouse-legacy	false	org.cbioportal.legacy.persistence.mybatisclickhouse.StudyViewMapper	getClinicalEventTypeCounts	SELECT	cancer_study,clinical_data_derived,clinical_event_data_derived,gene_panel_to_gene_derived,generic_assay_data_derived,genetic_alteration_derived,genetic_profile,genomic_event_derived,sample_derived,sample_list,sample_list_list,sample_profile,sample_to_gene_panel_derived	src/main/resources/org/cbioportal/persistence/mybatisclickhouse/StudyViewMapper.xml	UNVERIFIED	UNVERIFIED	NOT_APPLICABLE
clickhouse-legacy	false	org.cbioportal.legacy.persistence.mybatisclickhouse.StudyViewMapper	getCnaGenes	SELECT	cancer_study,clinical_data_derived,clinical_event_data_derived,gene_panel_to_gene_derived,generic_assay_data_derived,genetic_alteration_derived,genetic_profile,genomic_event_derived,sample_derived,sample_list,sample_list_list,sample_profile,sample_to_gene_panel_derived	src/main/resources/org/cbioportal/persistence/mybatisclickhouse/StudyViewMapper.xml	UNVERIFIED	UNVERIFIED	NOT_APPLICABLE
clickhouse-legacy	false	org.cbioportal.legacy.persistence.mybatisclickhouse.StudyViewMapper	getFilteredMolecularProfilesByAlterationType	SELECT	cancer_study,clinical_data_derived,clinical_event_data_derived,gene_panel_to_gene_derived,generic_assay_data_derived,genetic_alteration_derived,genetic_profile,genomic_event_derived,sample_derived,sample_list,sample_list_list,sample_profile,sample_to_gene_panel_derived	src/main/resources/org/cbioportal/persistence/mybatisclickhouse/StudyViewMapper.xml	UNVERIFIED	UNVERIFIED	NOT_APPLICABLE
clickhouse-legacy	false	org.cbioportal.legacy.persistence.mybatisclickhouse.StudyViewMapper	getFilteredPatientsCount	SELECT	cancer_study,clinical_data_derived,clinical_event_data_derived,gene_panel_to_gene_derived,generic_assay_data_derived,genetic_alteration_derived,genetic_profile,genomic_event_derived,sample_derived,sample_list,sample_list_list,sample_profile,sample_to_gene_panel_derived	src/main/resources/org/cbioportal/persistence/mybatisclickhouse/StudyViewMapper.xml	UNVERIFIED	UNVERIFIED	NOT_APPLICABLE
clickhouse-legacy	false	org.cbioportal.legacy.persistence.mybatisclickhouse.StudyViewMapper	getFilteredSamples	SELECT	cancer_study,clinical_data_derived,clinical_event_data_derived,gene_panel_to_gene_derived,generic_assay_data_derived,genetic_alteration_derived,genetic_profile,genomic_event_derived,sample_derived,sample_list,sample_list_list,sample_profile,sample_to_gene_panel_derived	src/main/resources/org/cbioportal/persistence/mybatisclickhouse/StudyViewMapper.xml	UNVERIFIED	UNVERIFIED	NOT_APPLICABLE
clickhouse-legacy	false	org.cbioportal.legacy.persistence.mybatisclickhouse.StudyViewMapper	getFilteredSamplesCount	SELECT	cancer_study,clinical_data_derived,clinical_event_data_derived,gene_panel_to_gene_derived,generic_assay_data_derived,genetic_alteration_derived,genetic_profile,genomic_event_derived,sample_derived,sample_list,sample_list_list,sample_profile,sample_to_gene_panel_derived	src/main/resources/org/cbioportal/persistence/mybatisclickhouse/StudyViewMapper.xml	UNVERIFIED	UNVERIFIED	NOT_APPLICABLE
clickhouse-legacy	false	org.cbioportal.legacy.persistence.mybatisclickhouse.StudyViewMapper	getFilteredStudyIds	SELECT	cancer_study,clinical_data_derived,clinical_event_data_derived,gene_panel_to_gene_derived,generic_assay_data_derived,genetic_alteration_derived,genetic_profile,genomic_event_derived,sample_derived,sample_list,sample_list_list,sample_profile,sample_to_gene_panel_derived	src/main/resources/org/cbioportal/persistence/mybatisclickhouse/StudyViewMapper.xml	UNVERIFIED	UNVERIFIED	NOT_APPLICABLE
clickhouse-legacy	false	org.cbioportal.legacy.persistence.mybatisclickhouse.StudyViewMapper	getGenericAssayDataBinCounts	SELECT	cancer_study,clinical_data_derived,clinical_event_data_derived,gene_panel_to_gene_derived,generic_assay_data_derived,genetic_alteration_derived,genetic_profile,genomic_event_derived,sample_derived,sample_list,sample_list_list,sample_profile,sample_to_gene_panel_derived	src/main/resources/org/cbioportal/persistence/mybatisclickhouse/StudyViewMapper.xml	UNVERIFIED	UNVERIFIED	NOT_APPLICABLE
clickhouse-legacy	false	org.cbioportal.legacy.persistence.mybatisclickhouse.StudyViewMapper	getGenericAssayDataCounts	SELECT	cancer_study,clinical_data_derived,clinical_event_data_derived,gene_panel_to_gene_derived,generic_assay_data_derived,genetic_alteration_derived,genetic_profile,genomic_event_derived,sample_derived,sample_list,sample_list_list,sample_profile,sample_to_gene_panel_derived	src/main/resources/org/cbioportal/persistence/mybatisclickhouse/StudyViewMapper.xml	UNVERIFIED	UNVERIFIED	NOT_APPLICABLE
clickhouse-legacy	false	org.cbioportal.legacy.persistence.mybatisclickhouse.StudyViewMapper	getGenericAssayProfiles	SELECT	cancer_study,genetic_profile,reference_genome	src/main/resources/org/cbioportal/persistence/mybatisclickhouse/StudyViewMapper.xml	UNVERIFIED	UNVERIFIED	NOT_APPLICABLE
clickhouse-legacy	false	org.cbioportal.legacy.persistence.mybatisclickhouse.StudyViewMapper	getGenomicDataBinCounts	SELECT	cancer_study,clinical_data_derived,clinical_event_data_derived,gene_panel_to_gene_derived,generic_assay_data_derived,genetic_alteration_derived,genetic_profile,genomic_event_derived,sample_derived,sample_list,sample_list_list,sample_profile,sample_to_gene_panel_derived	src/main/resources/org/cbioportal/persistence/mybatisclickhouse/StudyViewMapper.xml	UNVERIFIED	UNVERIFIED	NOT_APPLICABLE
clickhouse-legacy	false	org.cbioportal.legacy.persistence.mybatisclickhouse.StudyViewMapper	getMatchingGenePanelIds	SELECT	cancer_study,clinical_data_derived,clinical_event_data_derived,gene_panel_to_gene_derived,generic_assay_data_derived,genetic_alteration_derived,genetic_profile,genomic_event_derived,sample_derived,sample_list,sample_list_list,sample_profile,sample_to_gene_panel_derived	src/main/resources/org/cbioportal/persistence/mybatisclickhouse/StudyViewMapper.xml	UNVERIFIED	UNVERIFIED	NOT_APPLICABLE
clickhouse-legacy	false	org.cbioportal.legacy.persistence.mybatisclickhouse.StudyViewMapper	getMolecularProfileSampleCounts	SELECT	cancer_study,clinical_data_derived,clinical_event_data_derived,gene_panel_to_gene_derived,generic_assay_data_derived,genetic_alteration_derived,genetic_profile,genomic_event_derived,sample_derived,sample_list,sample_list_list,sample_profile,sample_to_gene_panel_derived	src/main/resources/org/cbioportal/persistence/mybatisclickhouse/StudyViewMapper.xml	UNVERIFIED	UNVERIFIED	NOT_APPLICABLE
clickhouse-legacy	false	org.cbioportal.legacy.persistence.mybatisclickhouse.StudyViewMapper	getMutatedGenes	SELECT	cancer_study,clinical_data_derived,clinical_event_data_derived,gene_panel_to_gene_derived,generic_assay_data_derived,genetic_alteration_derived,genetic_profile,genomic_event_derived,sample_derived,sample_list,sample_list_list,sample_profile,sample_to_gene_panel_derived	src/main/resources/org/cbioportal/persistence/mybatisclickhouse/StudyViewMapper.xml	UNVERIFIED	UNVERIFIED	NOT_APPLICABLE
clickhouse-legacy	false	org.cbioportal.legacy.persistence.mybatisclickhouse.StudyViewMapper	getMutationCounts	SELECT	cancer_study,clinical_data_derived,clinical_event_data_derived,gene_panel_to_gene_derived,generic_assay_data_derived,genetic_alteration_derived,genetic_profile,genomic_event_derived,sample_derived,sample_list,sample_list_list,sample_profile,sample_to_gene_panel_derived	src/main/resources/org/cbioportal/persistence/mybatisclickhouse/StudyViewMapper.xml	UNVERIFIED	UNVERIFIED	NOT_APPLICABLE
clickhouse-legacy	false	org.cbioportal.legacy.persistence.mybatisclickhouse.StudyViewMapper	getMutationCountsByType	SELECT	cancer_study,clinical_data_derived,clinical_event_data_derived,gene_panel_to_gene_derived,generic_assay_data_derived,genetic_alteration_derived,genetic_profile,genomic_event_derived,sample_derived,sample_list,sample_list_list,sample_profile,sample_to_gene_panel_derived	src/main/resources/org/cbioportal/persistence/mybatisclickhouse/StudyViewMapper.xml	UNVERIFIED	UNVERIFIED	NOT_APPLICABLE
clickhouse-legacy	false	org.cbioportal.legacy.persistence.mybatisclickhouse.StudyViewMapper	getPatientClinicalDataFromStudyViewFilter	SELECT	cancer_study,clinical_data_derived,clinical_event_data_derived,gene_panel_to_gene_derived,generic_assay_data_derived,genetic_alteration_derived,genetic_profile,genomic_event_derived,sample_derived,sample_list,sample_list_list,sample_profile,sample_to_gene_panel_derived	src/main/resources/org/cbioportal/persistence/mybatisclickhouse/StudyViewMapper.xml	UNVERIFIED	UNVERIFIED	NOT_APPLICABLE
clickhouse-legacy	false	org.cbioportal.legacy.persistence.mybatisclickhouse.StudyViewMapper	getPatientTreatmentCounts	SELECT	cancer_study,clinical_data_derived,clinical_event_data_derived,gene_panel_to_gene_derived,generic_assay_data_derived,genetic_alteration_derived,genetic_profile,genomic_event_derived,sample_derived,sample_list,sample_list_list,sample_profile,sample_to_gene_panel_derived	src/main/resources/org/cbioportal/persistence/mybatisclickhouse/StudyViewMapper.xml	UNVERIFIED	UNVERIFIED	NOT_APPLICABLE
clickhouse-legacy	false	org.cbioportal.legacy.persistence.mybatisclickhouse.StudyViewMapper	getPatientTreatments	SELECT	cancer_study,clinical_data_derived,clinical_event_data_derived,gene_panel_to_gene_derived,generic_assay_data_derived,genetic_alteration_derived,genetic_profile,genomic_event_derived,sample_derived,sample_list,sample_list_list,sample_profile,sample_to_gene_panel_derived	src/main/resources/org/cbioportal/persistence/mybatisclickhouse/StudyViewMapper.xml	UNVERIFIED	UNVERIFIED	NOT_APPLICABLE
clickhouse-legacy	false	org.cbioportal.legacy.persistence.mybatisclickhouse.StudyViewMapper	getSampleClinicalDataFromStudyViewFilter	SELECT	cancer_study,clinical_data_derived,clinical_event_data_derived,gene_panel_to_gene_derived,generic_assay_data_derived,genetic_alteration_derived,genetic_profile,genomic_event_derived,sample_derived,sample_list,sample_list_list,sample_profile,sample_to_gene_panel_derived	src/main/resources/org/cbioportal/persistence/mybatisclickhouse/StudyViewMapper.xml	UNVERIFIED	UNVERIFIED	NOT_APPLICABLE
clickhouse-legacy	false	org.cbioportal.legacy.persistence.mybatisclickhouse.StudyViewMapper	getSampleProfileCountWithoutPanelData	SELECT	cancer_study,clinical_data_derived,clinical_event_data_derived,gene_panel_to_gene_derived,generic_assay_data_derived,genetic_alteration_derived,genetic_profile,genomic_event_derived,sample_derived,sample_list,sample_list_list,sample_profile,sample_to_gene_panel_derived	src/main/resources/org/cbioportal/persistence/mybatisclickhouse/StudyViewMapper.xml	UNVERIFIED	UNVERIFIED	NOT_APPLICABLE
clickhouse-legacy	false	org.cbioportal.legacy.persistence.mybatisclickhouse.StudyViewMapper	getSampleTreatmentCounts	SELECT	cancer_study,clinical_data_derived,clinical_event_data_derived,gene_panel_to_gene_derived,generic_assay_data_derived,genetic_alteration_derived,genetic_profile,genomic_event_derived,sample_derived,sample_list,sample_list_list,sample_profile,sample_to_gene_panel_derived	src/main/resources/org/cbioportal/persistence/mybatisclickhouse/StudyViewMapper.xml	UNVERIFIED	UNVERIFIED	NOT_APPLICABLE
clickhouse-legacy	false	org.cbioportal.legacy.persistence.mybatisclickhouse.StudyViewMapper	getStructuralVariantGenes	SELECT	cancer_study,clinical_data_derived,clinical_event_data_derived,gene_panel_to_gene_derived,generic_assay_data_derived,genetic_alteration_derived,genetic_profile,genomic_event_derived,sample_derived,sample_list,sample_list_list,sample_profile,sample_to_gene_panel_derived	src/main/resources/org/cbioportal/persistence/mybatisclickhouse/StudyViewMapper.xml	UNVERIFIED	UNVERIFIED	NOT_APPLICABLE
clickhouse-legacy	false	org.cbioportal.legacy.persistence.mybatisclickhouse.StudyViewMapper	getTotalProfiledCountByAlterationType	SELECT	cancer_study,clinical_data_derived,clinical_event_data_derived,gene_panel_to_gene_derived,generic_assay_data_derived,genetic_alteration_derived,genetic_profile,genomic_event_derived,sample_derived,sample_list,sample_list_list,sample_profile,sample_to_gene_panel_derived	src/main/resources/org/cbioportal/persistence/mybatisclickhouse/StudyViewMapper.xml	UNVERIFIED	UNVERIFIED	NOT_APPLICABLE
clickhouse-legacy	false	org.cbioportal.legacy.persistence.mybatisclickhouse.StudyViewMapper	getTotalProfiledCounts	SELECT	cancer_study,clinical_data_derived,clinical_event_data_derived,gene_panel_to_gene_derived,generic_assay_data_derived,genetic_alteration_derived,genetic_profile,genomic_event_derived,sample_derived,sample_list,sample_list_list,sample_profile,sample_to_gene_panel_derived	src/main/resources/org/cbioportal/persistence/mybatisclickhouse/StudyViewMapper.xml	UNVERIFIED	UNVERIFIED	NOT_APPLICABLE
clickhouse-legacy	false	org.cbioportal.legacy.persistence.mybatisclickhouse.StudyViewMapper	getTotalSampleTreatmentCounts	SELECT	cancer_study,clinical_data_derived,clinical_event_data_derived,gene_panel_to_gene_derived,generic_assay_data_derived,genetic_alteration_derived,genetic_profile,genomic_event_derived,sample_derived,sample_list,sample_list_list,sample_profile,sample_to_gene_panel_derived	src/main/resources/org/cbioportal/persistence/mybatisclickhouse/StudyViewMapper.xml	UNVERIFIED	UNVERIFIED	NOT_APPLICABLE
shared	true	org.cbioportal.legacy.persistence.mybatis.AlterationCountsMapper	getMolecularProfileCaseInternalIdentifier	SELECT	cancer_study,genetic_profile,patient,sample	src/main/resources/org/cbioportal/legacy/persistence/mybatis/AlterationCountsMapper.xml	StarrocksSharedMapperCompatibilityTest#sharedMappersExecutePortableBranchesAgainstRealStarrocks	StarrocksSharedMapperCompatibilityTest#sharedMappersExecutePortableBranchesAgainstRealStarrocks	VERIFIED
shared	true	org.cbioportal.legacy.persistence.mybatis.AlterationCountsMapper	getPatientAlterationGeneCounts	SELECT	alteration_driver_annotation,cancer_study,cna_event,gene,genetic_profile,mutation,mutation_event,patient,sample,sample_cna_event,structural_variant	src/main/resources/org/cbioportal/legacy/persistence/mybatis/AlterationCountsMapper.xml	StarrocksSharedMapperCompatibilityTest#sharedMappersExecutePortableBranchesAgainstRealStarrocks	StarrocksSharedMapperCompatibilityTest#sharedMappersExecutePortableBranchesAgainstRealStarrocks	VERIFIED
shared	true	org.cbioportal.legacy.persistence.mybatis.AlterationCountsMapper	getPatientCnaGeneCounts	SELECT	alteration_driver_annotation,cna_event,gene,genetic_profile,patient,sample,sample_cna_event	src/main/resources/org/cbioportal/legacy/persistence/mybatis/AlterationCountsMapper.xml	StarrocksSharedMapperCompatibilityTest#sharedMappersExecutePortableBranchesAgainstRealStarrocks	StarrocksSharedMapperCompatibilityTest#sharedMappersExecutePortableBranchesAgainstRealStarrocks	VERIFIED
shared	true	org.cbioportal.legacy.persistence.mybatis.AlterationCountsMapper	getPatientStructuralVariantCounts	SELECT	gene,genetic_profile,patient,sample,structural_variant	src/main/resources/org/cbioportal/legacy/persistence/mybatis/AlterationCountsMapper.xml	StarrocksSharedMapperCompatibilityTest#sharedMappersExecutePortableBranchesAgainstRealStarrocks	StarrocksSharedMapperCompatibilityTest#sharedMappersExecutePortableBranchesAgainstRealStarrocks	VERIFIED
shared	true	org.cbioportal.legacy.persistence.mybatis.AlterationCountsMapper	getSampleAlterationGeneCounts	SELECT	alteration_driver_annotation,cancer_study,cna_event,gene,genetic_profile,mutation,mutation_event,patient,sample,sample_cna_event,structural_variant	src/main/resources/org/cbioportal/legacy/persistence/mybatis/AlterationCountsMapper.xml	StarrocksSharedMapperCompatibilityTest#sharedMappersExecutePortableBranchesAgainstRealStarrocks	StarrocksSharedMapperCompatibilityTest#sharedMappersExecutePortableBranchesAgainstRealStarrocks	VERIFIED
shared	true	org.cbioportal.legacy.persistence.mybatis.AlterationCountsMapper	getSampleCnaGeneCounts	SELECT	alteration_driver_annotation,cancer_study,cna_event,gene,genetic_profile,reference_genome_gene,sample,sample_cna_event	src/main/resources/org/cbioportal/legacy/persistence/mybatis/AlterationCountsMapper.xml	StarrocksSharedMapperCompatibilityTest#sharedMappersExecutePortableBranchesAgainstRealStarrocks	StarrocksSharedMapperCompatibilityTest#sharedMappersExecutePortableBranchesAgainstRealStarrocks	VERIFIED
shared	true	org.cbioportal.legacy.persistence.mybatis.AlterationCountsMapper	getSampleStructuralVariantCounts	SELECT	alteration_driver_annotation,gene,genetic_profile,patient,sample,structural_variant	src/main/resources/org/cbioportal/legacy/persistence/mybatis/AlterationCountsMapper.xml	StarrocksSharedMapperCompatibilityTest#sharedMappersExecutePortableBranchesAgainstRealStarrocks	StarrocksSharedMapperCompatibilityTest#sharedMappersExecutePortableBranchesAgainstRealStarrocks	VERIFIED
shared	true	org.cbioportal.legacy.persistence.mybatis.AlterationDriverAnnotationMapper	getAlterationDriverAnnotations	SELECT	alteration_driver_annotation,genetic_profile	src/main/resources/org/cbioportal/legacy/persistence/mybatis/AlterationDriverAnnotationMapper.xml	StarrocksRemainingSharedMapperCompatibilityTest#allRemainingSharedMapperStatementsExecuteAgainstRealStarrocks	StarrocksRemainingSharedMapperCompatibilityTest#allRemainingSharedMapperStatementsExecuteAgainstRealStarrocks	VERIFIED
shared	true	org.cbioportal.legacy.persistence.mybatis.CancerTypeMapper	getAllCancerTypes	SELECT	type_of_cancer	src/main/resources/org/cbioportal/legacy/persistence/mybatis/CancerTypeMapper.xml	StarrocksRemainingSharedMapperCompatibilityTest#allRemainingSharedMapperStatementsExecuteAgainstRealStarrocks	StarrocksRemainingSharedMapperCompatibilityTest#allRemainingSharedMapperStatementsExecuteAgainstRealStarrocks	VERIFIED
shared	true	org.cbioportal.legacy.persistence.mybatis.CancerTypeMapper	getCancerType	SELECT	type_of_cancer	src/main/resources/org/cbioportal/legacy/persistence/mybatis/CancerTypeMapper.xml	StarrocksRemainingSharedMapperCompatibilityTest#allRemainingSharedMapperStatementsExecuteAgainstRealStarrocks	StarrocksRemainingSharedMapperCompatibilityTest#allRemainingSharedMapperStatementsExecuteAgainstRealStarrocks	VERIFIED
shared	true	org.cbioportal.legacy.persistence.mybatis.CancerTypeMapper	getMetaCancerTypes	SELECT	type_of_cancer	src/main/resources/org/cbioportal/legacy/persistence/mybatis/CancerTypeMapper.xml	StarrocksRemainingSharedMapperCompatibilityTest#allRemainingSharedMapperStatementsExecuteAgainstRealStarrocks	StarrocksRemainingSharedMapperCompatibilityTest#allRemainingSharedMapperStatementsExecuteAgainstRealStarrocks	VERIFIED
shared	true	org.cbioportal.legacy.persistence.mybatis.ClinicalAttributeMapper	getClinicalAttribute	SELECT	cancer_study,clinical_attribute_meta	src/main/resources/org/cbioportal/legacy/persistence/mybatis/ClinicalAttributeMapper.xml	StarrocksRemainingSharedMapperCompatibilityTest#allRemainingSharedMapperStatementsExecuteAgainstRealStarrocks	StarrocksRemainingSharedMapperCompatibilityTest#allRemainingSharedMapperStatementsExecuteAgainstRealStarrocks	VERIFIED
shared	true	org.cbioportal.legacy.persistence.mybatis.ClinicalAttributeMapper	getClinicalAttributeCountsBySampleIds	SELECT	cancer_study,clinical_patient,clinical_sample,patient,sample	src/main/resources/org/cbioportal/legacy/persistence/mybatis/ClinicalAttributeMapper.xml	StarrocksSharedMapperCompatibilityTest#sharedMappersExecutePortableBranchesAgainstRealStarrocks	StarrocksSharedMapperCompatibilityTest#sharedMappersExecutePortableBranchesAgainstRealStarrocks	VERIFIED
shared	true	org.cbioportal.legacy.persistence.mybatis.ClinicalAttributeMapper	getClinicalAttributeCountsBySampleListId	SELECT	cancer_study,clinical_patient,clinical_sample,patient,sample,sample_list,sample_list_list	src/main/resources/org/cbioportal/legacy/persistence/mybatis/ClinicalAttributeMapper.xml	StarrocksRemainingSharedMapperCompatibilityTest#allRemainingSharedMapperStatementsExecuteAgainstRealStarrocks	StarrocksRemainingSharedMapperCompatibilityTest#allRemainingSharedMapperStatementsExecuteAgainstRealStarrocks	VERIFIED
shared	true	org.cbioportal.legacy.persistence.mybatis.ClinicalAttributeMapper	getClinicalAttributes	SELECT	cancer_study,clinical_attribute_meta	src/main/resources/org/cbioportal/legacy/persistence/mybatis/ClinicalAttributeMapper.xml	StarrocksRemainingSharedMapperCompatibilityTest#allRemainingSharedMapperStatementsExecuteAgainstRealStarrocks	StarrocksRemainingSharedMapperCompatibilityTest#allRemainingSharedMapperStatementsExecuteAgainstRealStarrocks	VERIFIED
shared	true	org.cbioportal.legacy.persistence.mybatis.ClinicalAttributeMapper	getClinicalAttributesByStudyIdsAndAttributeIds	SELECT	cancer_study,clinical_attribute_meta	src/main/resources/org/cbioportal/legacy/persistence/mybatis/ClinicalAttributeMapper.xml	StarrocksRemainingSharedMapperCompatibilityTest#allRemainingSharedMapperStatementsExecuteAgainstRealStarrocks	StarrocksRemainingSharedMapperCompatibilityTest#allRemainingSharedMapperStatementsExecuteAgainstRealStarrocks	VERIFIED
shared	true	org.cbioportal.legacy.persistence.mybatis.ClinicalAttributeMapper	getMetaClinicalAttributes	SELECT	cancer_study,clinical_attribute_meta	src/main/resources/org/cbioportal/legacy/persistence/mybatis/ClinicalAttributeMapper.xml	StarrocksRemainingSharedMapperCompatibilityTest#allRemainingSharedMapperStatementsExecuteAgainstRealStarrocks	StarrocksRemainingSharedMapperCompatibilityTest#allRemainingSharedMapperStatementsExecuteAgainstRealStarrocks	VERIFIED
shared	true	org.cbioportal.legacy.persistence.mybatis.ClinicalDataMapper	fetchPatientClinicalDataCounts	SELECT	cancer_study,clinical_patient,patient,sample	src/main/resources/org/cbioportal/legacy/persistence/mybatis/ClinicalDataMapper.xml	StarrocksRemainingSharedMapperCompatibilityTest#allRemainingSharedMapperStatementsExecuteAgainstRealStarrocks	StarrocksRemainingSharedMapperCompatibilityTest#allRemainingSharedMapperStatementsExecuteAgainstRealStarrocks	VERIFIED
shared	true	org.cbioportal.legacy.persistence.mybatis.ClinicalDataMapper	fetchSampleClinicalDataCounts	SELECT	cancer_study,clinical_sample,patient,sample	src/main/resources/org/cbioportal/legacy/persistence/mybatis/ClinicalDataMapper.xml	StarrocksRemainingSharedMapperCompatibilityTest#allRemainingSharedMapperStatementsExecuteAgainstRealStarrocks	StarrocksRemainingSharedMapperCompatibilityTest#allRemainingSharedMapperStatementsExecuteAgainstRealStarrocks	VERIFIED
shared	true	org.cbioportal.legacy.persistence.mybatis.ClinicalDataMapper	getMetaPatientClinicalData	SELECT	cancer_study,clinical_patient,patient	src/main/resources/org/cbioportal/legacy/persistence/mybatis/ClinicalDataMapper.xml	StarrocksRemainingSharedMapperCompatibilityTest#allRemainingSharedMapperStatementsExecuteAgainstRealStarrocks	StarrocksRemainingSharedMapperCompatibilityTest#allRemainingSharedMapperStatementsExecuteAgainstRealStarrocks	VERIFIED
shared	true	org.cbioportal.legacy.persistence.mybatis.ClinicalDataMapper	getMetaSampleClinicalData	SELECT	cancer_study,clinical_sample,patient,sample	src/main/resources/org/cbioportal/legacy/persistence/mybatis/ClinicalDataMapper.xml	StarrocksRemainingSharedMapperCompatibilityTest#allRemainingSharedMapperStatementsExecuteAgainstRealStarrocks	StarrocksRemainingSharedMapperCompatibilityTest#allRemainingSharedMapperStatementsExecuteAgainstRealStarrocks	VERIFIED
shared	true	org.cbioportal.legacy.persistence.mybatis.ClinicalDataMapper	getPatientClinicalData	SELECT	cancer_study,clinical_attribute_meta,clinical_patient,patient,type_of_cancer	src/main/resources/org/cbioportal/legacy/persistence/mybatis/ClinicalDataMapper.xml	StarrocksSharedMapperCompatibilityTest#sharedMappersExecutePortableBranchesAgainstRealStarrocks	StarrocksSharedMapperCompatibilityTest#sharedMappersExecutePortableBranchesAgainstRealStarrocks	VERIFIED
shared	true	org.cbioportal.legacy.persistence.mybatis.ClinicalDataMapper	getPatientClinicalDataBySampleInternalIds	SELECT	cancer_study,clinical_patient,patient,sample	src/main/resources/org/cbioportal/legacy/persistence/mybatis/ClinicalDataMapper.xml	StarrocksRemainingSharedMapperCompatibilityTest#allRemainingSharedMapperStatementsExecuteAgainstRealStarrocks	StarrocksRemainingSharedMapperCompatibilityTest#allRemainingSharedMapperStatementsExecuteAgainstRealStarrocks	VERIFIED
shared	true	org.cbioportal.legacy.persistence.mybatis.ClinicalDataMapper	getPatientClinicalDataDetailedToSample	SELECT	cancer_study,clinical_attribute_meta,clinical_patient,patient,sample,type_of_cancer	src/main/resources/org/cbioportal/legacy/persistence/mybatis/ClinicalDataMapper.xml	StarrocksRemainingSharedMapperCompatibilityTest#allRemainingSharedMapperStatementsExecuteAgainstRealStarrocks	StarrocksRemainingSharedMapperCompatibilityTest#allRemainingSharedMapperStatementsExecuteAgainstRealStarrocks	VERIFIED
shared	true	org.cbioportal.legacy.persistence.mybatis.ClinicalDataMapper	getSampleClinicalData	SELECT	cancer_study,clinical_attribute_meta,clinical_sample,patient,sample,type_of_cancer	src/main/resources/org/cbioportal/legacy/persistence/mybatis/ClinicalDataMapper.xml	StarrocksSharedMapperCompatibilityTest#sharedMappersExecutePortableBranchesAgainstRealStarrocks	StarrocksSharedMapperCompatibilityTest#sharedMappersExecutePortableBranchesAgainstRealStarrocks	VERIFIED
shared	true	org.cbioportal.legacy.persistence.mybatis.ClinicalDataMapper	getSampleClinicalDataBySampleInternalIds	SELECT	cancer_study,clinical_sample,patient,sample	src/main/resources/org/cbioportal/legacy/persistence/mybatis/ClinicalDataMapper.xml	StarrocksRemainingSharedMapperCompatibilityTest#allRemainingSharedMapperStatementsExecuteAgainstRealStarrocks	StarrocksRemainingSharedMapperCompatibilityTest#allRemainingSharedMapperStatementsExecuteAgainstRealStarrocks	VERIFIED
shared	true	org.cbioportal.legacy.persistence.mybatis.ClinicalDataMapper	getSampleClinicalTable	SELECT	cancer_study,clinical_patient,clinical_sample,patient,sample	src/main/resources/org/cbioportal/legacy/persistence/mybatis/ClinicalDataMapper.xml	StarrocksRemainingSharedMapperCompatibilityTest#allRemainingSharedMapperStatementsExecuteAgainstRealStarrocks	StarrocksRemainingSharedMapperCompatibilityTest#allRemainingSharedMapperStatementsExecuteAgainstRealStarrocks	VERIFIED
shared	true	org.cbioportal.legacy.persistence.mybatis.ClinicalDataMapper	getSampleClinicalTableCount	SELECT	cancer_study,clinical_patient,clinical_sample,patient,sample	src/main/resources/org/cbioportal/legacy/persistence/mybatis/ClinicalDataMapper.xml	StarrocksRemainingSharedMapperCompatibilityTest#allRemainingSharedMapperStatementsExecuteAgainstRealStarrocks	StarrocksRemainingSharedMapperCompatibilityTest#allRemainingSharedMapperStatementsExecuteAgainstRealStarrocks	VERIFIED
shared	true	org.cbioportal.legacy.persistence.mybatis.ClinicalDataMapper	getVisibleSampleInternalIdsForClinicalTable	SELECT	cancer_study,clinical_patient,clinical_sample,patient,sample	src/main/resources/org/cbioportal/legacy/persistence/mybatis/ClinicalDataMapper.xml	StarrocksSharedMapperCompatibilityTest#sharedMappersExecutePortableBranchesAgainstRealStarrocks	StarrocksSharedMapperCompatibilityTest#sharedMappersExecutePortableBranchesAgainstRealStarrocks	VERIFIED
shared	true	org.cbioportal.legacy.persistence.mybatis.ClinicalEventMapper	getClinicalEventsMeta	SELECT	cancer_study,clinical_event_data,clinical_event_derived,patient	src/main/resources/org/cbioportal/legacy/persistence/mybatis/ClinicalEventMapper.xml	StarrocksClinicalTreatmentMapperTest#allClinicalEventAndTreatmentStatementsExecuteAgainstFixture	StarrocksClinicalTreatmentMapperTest#allClinicalEventAndTreatmentStatementsExecuteAgainstFixture	VERIFIED
shared	true	org.cbioportal.legacy.persistence.mybatis.ClinicalEventMapper	getDataOfClinicalEvents	SELECT	clinical_event_data	src/main/resources/org/cbioportal/legacy/persistence/mybatis/ClinicalEventMapper.xml	StarrocksClinicalTreatmentMapperTest#allClinicalEventAndTreatmentStatementsExecuteAgainstFixture	StarrocksClinicalTreatmentMapperTest#allClinicalEventAndTreatmentStatementsExecuteAgainstFixture	VERIFIED
shared	true	org.cbioportal.legacy.persistence.mybatis.ClinicalEventMapper	getMetaClinicalEvent	SELECT	cancer_study,clinical_event_derived,patient	src/main/resources/org/cbioportal/legacy/persistence/mybatis/ClinicalEventMapper.xml	StarrocksClinicalTreatmentMapperTest#allClinicalEventAndTreatmentStatementsExecuteAgainstFixture	StarrocksClinicalTreatmentMapperTest#allClinicalEventAndTreatmentStatementsExecuteAgainstFixture	VERIFIED
shared	true	org.cbioportal.legacy.persistence.mybatis.ClinicalEventMapper	getMetaPatientClinicalEvent	SELECT	cancer_study,clinical_event_derived,patient	src/main/resources/org/cbioportal/legacy/persistence/mybatis/ClinicalEventMapper.xml	StarrocksClinicalTreatmentMapperTest#allClinicalEventAndTreatmentStatementsExecuteAgainstFixture	StarrocksClinicalTreatmentMapperTest#allClinicalEventAndTreatmentStatementsExecuteAgainstFixture	VERIFIED
shared	true	org.cbioportal.legacy.persistence.mybatis.ClinicalEventMapper	getPatientClinicalEvent	SELECT	cancer_study,clinical_event_derived,patient	src/main/resources/org/cbioportal/legacy/persistence/mybatis/ClinicalEventMapper.xml	StarrocksClinicalTreatmentMapperTest#allClinicalEventAndTreatmentStatementsExecuteAgainstFixture	StarrocksClinicalTreatmentMapperTest#allClinicalEventAndTreatmentStatementsExecuteAgainstFixture	VERIFIED
shared	true	org.cbioportal.legacy.persistence.mybatis.ClinicalEventMapper	getPatientsDistinctClinicalEventInStudies	SELECT	cancer_study,clinical_event_data,clinical_event_derived,patient	src/main/resources/org/cbioportal/legacy/persistence/mybatis/ClinicalEventMapper.xml	StarrocksClinicalTreatmentMapperTest#allClinicalEventAndTreatmentStatementsExecuteAgainstFixture	StarrocksClinicalTreatmentMapperTest#allClinicalEventAndTreatmentStatementsExecuteAgainstFixture	VERIFIED
shared	true	org.cbioportal.legacy.persistence.mybatis.ClinicalEventMapper	getSamplesOfPatientsPerEventType	SELECT	cancer_study,clinical_event_derived,patient,sample	src/main/resources/org/cbioportal/legacy/persistence/mybatis/ClinicalEventMapper.xml	StarrocksClinicalTreatmentMapperTest#allClinicalEventAndTreatmentStatementsExecuteAgainstFixture	StarrocksClinicalTreatmentMapperTest#allClinicalEventAndTreatmentStatementsExecuteAgainstFixture	VERIFIED
shared	true	org.cbioportal.legacy.persistence.mybatis.ClinicalEventMapper	getStudyClinicalEvent	SELECT	cancer_study,clinical_event_derived,patient	src/main/resources/org/cbioportal/legacy/persistence/mybatis/ClinicalEventMapper.xml	StarrocksClinicalTreatmentMapperTest#allClinicalEventAndTreatmentStatementsExecuteAgainstFixture	StarrocksClinicalTreatmentMapperTest#allClinicalEventAndTreatmentStatementsExecuteAgainstFixture	VERIFIED
shared	true	org.cbioportal.legacy.persistence.mybatis.ClinicalEventMapper	getTimelineEvents	SELECT	cancer_study,clinical_event_data,clinical_event_derived,patient	src/main/resources/org/cbioportal/legacy/persistence/mybatis/ClinicalEventMapper.xml	StarrocksClinicalTreatmentMapperTest#allClinicalEventAndTreatmentStatementsExecuteAgainstFixture	StarrocksClinicalTreatmentMapperTest#allClinicalEventAndTreatmentStatementsExecuteAgainstFixture	VERIFIED
shared	true	org.cbioportal.legacy.persistence.mybatis.CopyNumberSegmentMapper	getCopyNumberSegments	SELECT	cancer_study,copy_number_seg,patient,sample	src/main/resources/org/cbioportal/legacy/persistence/mybatis/CopyNumberSegmentMapper.xml	StarrocksSharedMapperCompatibilityTest#sharedMappersExecutePortableBranchesAgainstRealStarrocks	StarrocksSharedMapperCompatibilityTest#sharedMappersExecutePortableBranchesAgainstRealStarrocks	VERIFIED
shared	true	org.cbioportal.legacy.persistence.mybatis.CopyNumberSegmentMapper	getCopyNumberSegmentsBySampleListId	SELECT	cancer_study,copy_number_seg,patient,sample,sample_list,sample_list_list	src/main/resources/org/cbioportal/legacy/persistence/mybatis/CopyNumberSegmentMapper.xml	StarrocksRemainingSharedMapperCompatibilityTest#allRemainingSharedMapperStatementsExecuteAgainstRealStarrocks	StarrocksRemainingSharedMapperCompatibilityTest#allRemainingSharedMapperStatementsExecuteAgainstRealStarrocks	VERIFIED
shared	true	org.cbioportal.legacy.persistence.mybatis.CopyNumberSegmentMapper	getMetaCopyNumberSegments	SELECT	cancer_study,copy_number_seg,patient,sample	src/main/resources/org/cbioportal/legacy/persistence/mybatis/CopyNumberSegmentMapper.xml	StarrocksRemainingSharedMapperCompatibilityTest#allRemainingSharedMapperStatementsExecuteAgainstRealStarrocks	StarrocksRemainingSharedMapperCompatibilityTest#allRemainingSharedMapperStatementsExecuteAgainstRealStarrocks	VERIFIED
shared	true	org.cbioportal.legacy.persistence.mybatis.CopyNumberSegmentMapper	getSamplesWithCopyNumberSegments	SELECT	cancer_study,copy_number_seg,patient,sample	src/main/resources/org/cbioportal/legacy/persistence/mybatis/CopyNumberSegmentMapper.xml	StarrocksRemainingSharedMapperCompatibilityTest#allRemainingSharedMapperStatementsExecuteAgainstRealStarrocks	StarrocksRemainingSharedMapperCompatibilityTest#allRemainingSharedMapperStatementsExecuteAgainstRealStarrocks	VERIFIED
shared	true	org.cbioportal.legacy.persistence.mybatis.DataAccessTokenMapper	addDataAccessToken	INSERT	data_access_tokens	src/main/resources/org/cbioportal/legacy/persistence/mybatis/DataAccessTokenMapper.xml	StarrocksRemainingSharedMapperCompatibilityTest#allRemainingSharedMapperStatementsExecuteAgainstRealStarrocks	StarrocksRemainingSharedMapperCompatibilityTest#allRemainingSharedMapperStatementsExecuteAgainstRealStarrocks	VERIFIED
shared	true	org.cbioportal.legacy.persistence.mybatis.DataAccessTokenMapper	getAllDataAccessTokensForUsername	SELECT	data_access_tokens	src/main/resources/org/cbioportal/legacy/persistence/mybatis/DataAccessTokenMapper.xml	StarrocksRemainingSharedMapperCompatibilityTest#allRemainingSharedMapperStatementsExecuteAgainstRealStarrocks	StarrocksRemainingSharedMapperCompatibilityTest#allRemainingSharedMapperStatementsExecuteAgainstRealStarrocks	VERIFIED
shared	true	org.cbioportal.legacy.persistence.mybatis.DataAccessTokenMapper	getDataAccessToken	SELECT	data_access_tokens	src/main/resources/org/cbioportal/legacy/persistence/mybatis/DataAccessTokenMapper.xml	StarrocksRemainingSharedMapperCompatibilityTest#allRemainingSharedMapperStatementsExecuteAgainstRealStarrocks	StarrocksRemainingSharedMapperCompatibilityTest#allRemainingSharedMapperStatementsExecuteAgainstRealStarrocks	VERIFIED
shared	true	org.cbioportal.legacy.persistence.mybatis.DataAccessTokenMapper	removeAllDataAccessTokensForUsername	DELETE	data_access_tokens	src/main/resources/org/cbioportal/legacy/persistence/mybatis/DataAccessTokenMapper.xml	StarrocksRemainingSharedMapperCompatibilityTest#allRemainingSharedMapperStatementsExecuteAgainstRealStarrocks	StarrocksRemainingSharedMapperCompatibilityTest#allRemainingSharedMapperStatementsExecuteAgainstRealStarrocks	VERIFIED
shared	true	org.cbioportal.legacy.persistence.mybatis.DataAccessTokenMapper	removeDataAccessToken	DELETE	data_access_tokens	src/main/resources/org/cbioportal/legacy/persistence/mybatis/DataAccessTokenMapper.xml	StarrocksRemainingSharedMapperCompatibilityTest#allRemainingSharedMapperStatementsExecuteAgainstRealStarrocks	StarrocksRemainingSharedMapperCompatibilityTest#allRemainingSharedMapperStatementsExecuteAgainstRealStarrocks	VERIFIED
shared	true	org.cbioportal.legacy.persistence.mybatis.DiscreteCopyNumberMapper	getDiscreteCopyNumbersBySampleIds	SELECT	alteration_driver_annotation,cancer_study,cna_event,gene,genetic_profile,patient,sample,sample_cna_event	src/main/resources/org/cbioportal/legacy/persistence/mybatis/DiscreteCopyNumberMapper.xml	StarrocksRemainingSharedMapperCompatibilityTest#allRemainingSharedMapperStatementsExecuteAgainstRealStarrocks	StarrocksRemainingSharedMapperCompatibilityTest#allRemainingSharedMapperStatementsExecuteAgainstRealStarrocks	VERIFIED
shared	true	org.cbioportal.legacy.persistence.mybatis.DiscreteCopyNumberMapper	getDiscreteCopyNumbersBySampleListId	SELECT	alteration_driver_annotation,cancer_study,cna_event,gene,genetic_profile,patient,sample,sample_cna_event,sample_list,sample_list_list	src/main/resources/org/cbioportal/legacy/persistence/mybatis/DiscreteCopyNumberMapper.xml	StarrocksRemainingSharedMapperCompatibilityTest#allRemainingSharedMapperStatementsExecuteAgainstRealStarrocks	StarrocksRemainingSharedMapperCompatibilityTest#allRemainingSharedMapperStatementsExecuteAgainstRealStarrocks	VERIFIED
shared	true	org.cbioportal.legacy.persistence.mybatis.DiscreteCopyNumberMapper	getDiscreteCopyNumbersInMultipleMolecularProfiles	SELECT	alteration_driver_annotation,cancer_study,cna_event,gene,genetic_profile,patient,sample,sample_cna_event	src/main/resources/org/cbioportal/legacy/persistence/mybatis/DiscreteCopyNumberMapper.xml	StarrocksSharedMapperCompatibilityTest#sharedMappersExecutePortableBranchesAgainstRealStarrocks	StarrocksSharedMapperCompatibilityTest#sharedMappersExecutePortableBranchesAgainstRealStarrocks	VERIFIED
shared	true	org.cbioportal.legacy.persistence.mybatis.DiscreteCopyNumberMapper	getDiscreteCopyNumbersInMultipleMolecularProfilesByGeneQueries	SELECT	alteration_driver_annotation,cancer_study,cna_event,gene,genetic_profile,patient,sample,sample_cna_event	src/main/resources/org/cbioportal/legacy/persistence/mybatis/DiscreteCopyNumberMapper.xml	StarrocksRemainingSharedMapperCompatibilityTest#allRemainingSharedMapperStatementsExecuteAgainstRealStarrocks	StarrocksRemainingSharedMapperCompatibilityTest#allRemainingSharedMapperStatementsExecuteAgainstRealStarrocks	VERIFIED
shared	true	org.cbioportal.legacy.persistence.mybatis.DiscreteCopyNumberMapper	getMetaDiscreteCopyNumbersBySampleIds	SELECT	alteration_driver_annotation,cancer_study,cna_event,genetic_profile,patient,sample,sample_cna_event	src/main/resources/org/cbioportal/legacy/persistence/mybatis/DiscreteCopyNumberMapper.xml	StarrocksRemainingSharedMapperCompatibilityTest#allRemainingSharedMapperStatementsExecuteAgainstRealStarrocks	StarrocksRemainingSharedMapperCompatibilityTest#allRemainingSharedMapperStatementsExecuteAgainstRealStarrocks	VERIFIED
shared	true	org.cbioportal.legacy.persistence.mybatis.DiscreteCopyNumberMapper	getMetaDiscreteCopyNumbersBySampleListId	SELECT	alteration_driver_annotation,cancer_study,cna_event,genetic_profile,patient,sample,sample_cna_event,sample_list,sample_list_list	src/main/resources/org/cbioportal/legacy/persistence/mybatis/DiscreteCopyNumberMapper.xml	StarrocksRemainingSharedMapperCompatibilityTest#allRemainingSharedMapperStatementsExecuteAgainstRealStarrocks	StarrocksRemainingSharedMapperCompatibilityTest#allRemainingSharedMapperStatementsExecuteAgainstRealStarrocks	VERIFIED
shared	true	org.cbioportal.legacy.persistence.mybatis.DiscreteCopyNumberMapper	getSampleCountByGeneAndAlterationAndSampleIds	SELECT	cna_event,gene,genetic_profile,sample,sample_cna_event	src/main/resources/org/cbioportal/legacy/persistence/mybatis/DiscreteCopyNumberMapper.xml	StarrocksSharedMapperCompatibilityTest#sharedMappersExecutePortableBranchesAgainstRealStarrocks	StarrocksSharedMapperCompatibilityTest#sharedMappersExecutePortableBranchesAgainstRealStarrocks	VERIFIED
shared	true	org.cbioportal.legacy.persistence.mybatis.GeneMapper	getAliasesOfGeneByEntrezGeneId	SELECT	gene_alias	src/main/resources/org/cbioportal/legacy/persistence/mybatis/GeneMapper.xml	StarrocksRemainingSharedMapperCompatibilityTest#allRemainingSharedMapperStatementsExecuteAgainstRealStarrocks	StarrocksRemainingSharedMapperCompatibilityTest#allRemainingSharedMapperStatementsExecuteAgainstRealStarrocks	VERIFIED
shared	true	org.cbioportal.legacy.persistence.mybatis.GeneMapper	getAliasesOfGeneByHugoGeneSymbol	SELECT	gene,gene_alias	src/main/resources/org/cbioportal/legacy/persistence/mybatis/GeneMapper.xml	StarrocksRemainingSharedMapperCompatibilityTest#allRemainingSharedMapperStatementsExecuteAgainstRealStarrocks	StarrocksRemainingSharedMapperCompatibilityTest#allRemainingSharedMapperStatementsExecuteAgainstRealStarrocks	VERIFIED
shared	true	org.cbioportal.legacy.persistence.mybatis.GeneMapper	getAllAliases	SELECT	gene_alias	src/main/resources/org/cbioportal/legacy/persistence/mybatis/GeneMapper.xml	StarrocksRemainingSharedMapperCompatibilityTest#allRemainingSharedMapperStatementsExecuteAgainstRealStarrocks	StarrocksRemainingSharedMapperCompatibilityTest#allRemainingSharedMapperStatementsExecuteAgainstRealStarrocks	VERIFIED
shared	true	org.cbioportal.legacy.persistence.mybatis.GeneMapper	getGeneByEntrezGeneId	SELECT	gene	src/main/resources/org/cbioportal/legacy/persistence/mybatis/GeneMapper.xml	StarrocksRemainingSharedMapperCompatibilityTest#allRemainingSharedMapperStatementsExecuteAgainstRealStarrocks	StarrocksRemainingSharedMapperCompatibilityTest#allRemainingSharedMapperStatementsExecuteAgainstRealStarrocks	VERIFIED
shared	true	org.cbioportal.legacy.persistence.mybatis.GeneMapper	getGeneByGeneticEntityId	SELECT	gene	src/main/resources/org/cbioportal/legacy/persistence/mybatis/GeneMapper.xml	StarrocksRemainingSharedMapperCompatibilityTest#allRemainingSharedMapperStatementsExecuteAgainstRealStarrocks	StarrocksRemainingSharedMapperCompatibilityTest#allRemainingSharedMapperStatementsExecuteAgainstRealStarrocks	VERIFIED
shared	true	org.cbioportal.legacy.persistence.mybatis.GeneMapper	getGeneByHugoGeneSymbol	SELECT	gene	src/main/resources/org/cbioportal/legacy/persistence/mybatis/GeneMapper.xml	StarrocksRemainingSharedMapperCompatibilityTest#allRemainingSharedMapperStatementsExecuteAgainstRealStarrocks	StarrocksRemainingSharedMapperCompatibilityTest#allRemainingSharedMapperStatementsExecuteAgainstRealStarrocks	VERIFIED
shared	true	org.cbioportal.legacy.persistence.mybatis.GeneMapper	getGenes	SELECT	gene,gene_alias	src/main/resources/org/cbioportal/legacy/persistence/mybatis/GeneMapper.xml	StarrocksRemainingSharedMapperCompatibilityTest#allRemainingSharedMapperStatementsExecuteAgainstRealStarrocks	StarrocksRemainingSharedMapperCompatibilityTest#allRemainingSharedMapperStatementsExecuteAgainstRealStarrocks	VERIFIED
shared	true	org.cbioportal.legacy.persistence.mybatis.GeneMapper	getGenesByEntrezGeneIds	SELECT	gene	src/main/resources/org/cbioportal/legacy/persistence/mybatis/GeneMapper.xml	StarrocksRemainingSharedMapperCompatibilityTest#allRemainingSharedMapperStatementsExecuteAgainstRealStarrocks	StarrocksRemainingSharedMapperCompatibilityTest#allRemainingSharedMapperStatementsExecuteAgainstRealStarrocks	VERIFIED
shared	true	org.cbioportal.legacy.persistence.mybatis.GeneMapper	getGenesByHugoGeneSymbols	SELECT	gene	src/main/resources/org/cbioportal/legacy/persistence/mybatis/GeneMapper.xml	StarrocksRemainingSharedMapperCompatibilityTest#allRemainingSharedMapperStatementsExecuteAgainstRealStarrocks	StarrocksRemainingSharedMapperCompatibilityTest#allRemainingSharedMapperStatementsExecuteAgainstRealStarrocks	VERIFIED
shared	true	org.cbioportal.legacy.persistence.mybatis.GeneMapper	getMetaGenes	SELECT	gene,gene_alias	src/main/resources/org/cbioportal/legacy/persistence/mybatis/GeneMapper.xml	StarrocksRemainingSharedMapperCompatibilityTest#allRemainingSharedMapperStatementsExecuteAgainstRealStarrocks	StarrocksRemainingSharedMapperCompatibilityTest#allRemainingSharedMapperStatementsExecuteAgainstRealStarrocks	VERIFIED
shared	true	org.cbioportal.legacy.persistence.mybatis.GeneMapper	getMetaGenesByEntrezGeneIds	SELECT	gene	src/main/resources/org/cbioportal/legacy/persistence/mybatis/GeneMapper.xml	StarrocksRemainingSharedMapperCompatibilityTest#allRemainingSharedMapperStatementsExecuteAgainstRealStarrocks	StarrocksRemainingSharedMapperCompatibilityTest#allRemainingSharedMapperStatementsExecuteAgainstRealStarrocks	VERIFIED
shared	true	org.cbioportal.legacy.persistence.mybatis.GeneMapper	getMetaGenesByHugoGeneSymbols	SELECT	gene	src/main/resources/org/cbioportal/legacy/persistence/mybatis/GeneMapper.xml	StarrocksRemainingSharedMapperCompatibilityTest#allRemainingSharedMapperStatementsExecuteAgainstRealStarrocks	StarrocksRemainingSharedMapperCompatibilityTest#allRemainingSharedMapperStatementsExecuteAgainstRealStarrocks	VERIFIED
shared	true	org.cbioportal.legacy.persistence.mybatis.GenePanelMapper	fetchGenePanelDataByMolecularProfileIds	SELECT	cancer_study,gene_panel,genetic_profile,patient,sample,sample_profile	src/main/resources/org/cbioportal/legacy/persistence/mybatis/GenePanelMapper.xml	StarrocksSharedMapperCompatibilityTest#sharedMappersExecutePortableBranchesAgainstRealStarrocks	StarrocksSharedMapperCompatibilityTest#sharedMappersExecutePortableBranchesAgainstRealStarrocks	VERIFIED
shared	true	org.cbioportal.legacy.persistence.mybatis.GenePanelMapper	fetchGenePanelDataInMultipleMolecularProfiles	SELECT	cancer_study,gene_panel,genetic_profile,patient,sample,sample_profile	src/main/resources/org/cbioportal/legacy/persistence/mybatis/GenePanelMapper.xml	StarrocksSharedMapperCompatibilityTest#sharedMappersExecutePortableBranchesAgainstRealStarrocks	StarrocksSharedMapperCompatibilityTest#sharedMappersExecutePortableBranchesAgainstRealStarrocks	VERIFIED
shared	true	org.cbioportal.legacy.persistence.mybatis.GenePanelMapper	fetchGenePanelDataInMultipleMolecularProfilesByPatientIds	SELECT	cancer_study,gene_panel,genetic_profile,patient,sample,sample_profile	src/main/resources/org/cbioportal/legacy/persistence/mybatis/GenePanelMapper.xml	StarrocksSharedMapperCompatibilityTest#sharedMappersExecutePortableBranchesAgainstRealStarrocks	StarrocksSharedMapperCompatibilityTest#sharedMappersExecutePortableBranchesAgainstRealStarrocks	VERIFIED
shared	true	org.cbioportal.legacy.persistence.mybatis.GenePanelMapper	fetchGenePanels	SELECT	gene_panel	src/main/resources/org/cbioportal/legacy/persistence/mybatis/GenePanelMapper.xml	StarrocksSharedMapperCompatibilityTest#sharedMappersExecutePortableBranchesAgainstRealStarrocks	StarrocksSharedMapperCompatibilityTest#sharedMappersExecutePortableBranchesAgainstRealStarrocks	VERIFIED
shared	true	org.cbioportal.legacy.persistence.mybatis.GenePanelMapper	getAllGenePanels	SELECT	gene_panel	src/main/resources/org/cbioportal/legacy/persistence/mybatis/GenePanelMapper.xml	StarrocksSharedMapperCompatibilityTest#sharedMappersExecutePortableBranchesAgainstRealStarrocks	StarrocksSharedMapperCompatibilityTest#sharedMappersExecutePortableBranchesAgainstRealStarrocks	VERIFIED
shared	true	org.cbioportal.legacy.persistence.mybatis.GenePanelMapper	getGenePanel	SELECT	gene_panel	src/main/resources/org/cbioportal/legacy/persistence/mybatis/GenePanelMapper.xml	StarrocksSharedMapperCompatibilityTest#sharedMappersExecutePortableBranchesAgainstRealStarrocks	StarrocksSharedMapperCompatibilityTest#sharedMappersExecutePortableBranchesAgainstRealStarrocks	VERIFIED
shared	true	org.cbioportal.legacy.persistence.mybatis.GenePanelMapper	getGenePanelDataBySampleIds	SELECT	cancer_study,gene_panel,genetic_profile,patient,sample,sample_profile	src/main/resources/org/cbioportal/legacy/persistence/mybatis/GenePanelMapper.xml	StarrocksSharedMapperCompatibilityTest#sharedMappersExecutePortableBranchesAgainstRealStarrocks	StarrocksSharedMapperCompatibilityTest#sharedMappersExecutePortableBranchesAgainstRealStarrocks	VERIFIED
shared	true	org.cbioportal.legacy.persistence.mybatis.GenePanelMapper	getGenePanelDataBySampleListId	SELECT	cancer_study,gene_panel,genetic_profile,patient,sample,sample_list,sample_list_list,sample_profile	src/main/resources/org/cbioportal/legacy/persistence/mybatis/GenePanelMapper.xml	StarrocksSharedMapperCompatibilityTest#sharedMappersExecutePortableBranchesAgainstRealStarrocks	StarrocksSharedMapperCompatibilityTest#sharedMappersExecutePortableBranchesAgainstRealStarrocks	VERIFIED
shared	true	org.cbioportal.legacy.persistence.mybatis.GenePanelMapper	getGenesOfPanels	SELECT	gene,gene_panel,gene_panel_list	src/main/resources/org/cbioportal/legacy/persistence/mybatis/GenePanelMapper.xml	StarrocksSharedMapperCompatibilityTest#sharedMappersExecutePortableBranchesAgainstRealStarrocks	StarrocksSharedMapperCompatibilityTest#sharedMappersExecutePortableBranchesAgainstRealStarrocks	VERIFIED
shared	true	org.cbioportal.legacy.persistence.mybatis.GenePanelMapper	getMetaGenePanels	SELECT	gene_panel	src/main/resources/org/cbioportal/legacy/persistence/mybatis/GenePanelMapper.xml	StarrocksSharedMapperCompatibilityTest#sharedMappersExecutePortableBranchesAgainstRealStarrocks	StarrocksSharedMapperCompatibilityTest#sharedMappersExecutePortableBranchesAgainstRealStarrocks	VERIFIED
shared	true	org.cbioportal.legacy.persistence.mybatis.GenericAssayMapper	getGenericAssayAdditionalproperties	SELECT	generic_entity_properties,genetic_entity	src/main/resources/org/cbioportal/legacy/persistence/mybatis/GenericAssayMapper.xml	StarrocksRemainingSharedMapperCompatibilityTest#allRemainingSharedMapperStatementsExecuteAgainstRealStarrocks	StarrocksRemainingSharedMapperCompatibilityTest#allRemainingSharedMapperStatementsExecuteAgainstRealStarrocks	VERIFIED
shared	true	org.cbioportal.legacy.persistence.mybatis.GenericAssayMapper	getGenericAssayMeta	SELECT	genetic_entity	src/main/resources/org/cbioportal/legacy/persistence/mybatis/GenericAssayMapper.xml	StarrocksRemainingSharedMapperCompatibilityTest#allRemainingSharedMapperStatementsExecuteAgainstRealStarrocks	StarrocksRemainingSharedMapperCompatibilityTest#allRemainingSharedMapperStatementsExecuteAgainstRealStarrocks	VERIFIED
shared	true	org.cbioportal.legacy.persistence.mybatis.GenericAssayMapper	getGenericAssayStableIdsByGeneticEntityIds	SELECT	genetic_entity	src/main/resources/org/cbioportal/legacy/persistence/mybatis/GenericAssayMapper.xml	StarrocksRemainingSharedMapperCompatibilityTest#allRemainingSharedMapperStatementsExecuteAgainstRealStarrocks	StarrocksRemainingSharedMapperCompatibilityTest#allRemainingSharedMapperStatementsExecuteAgainstRealStarrocks	VERIFIED
shared	true	org.cbioportal.legacy.persistence.mybatis.GenericAssayMapper	getGeneticEntityIdsByMolecularProfileInternalIds	SELECT	genetic_alteration	src/main/resources/org/cbioportal/legacy/persistence/mybatis/GenericAssayMapper.xml	StarrocksRemainingSharedMapperCompatibilityTest#allRemainingSharedMapperStatementsExecuteAgainstRealStarrocks	StarrocksRemainingSharedMapperCompatibilityTest#allRemainingSharedMapperStatementsExecuteAgainstRealStarrocks	VERIFIED
shared	true	org.cbioportal.legacy.persistence.mybatis.GenericAssayMapper	getMolecularProfileInternalIdsByMolecularProfileIds	SELECT	genetic_profile	src/main/resources/org/cbioportal/legacy/persistence/mybatis/GenericAssayMapper.xml	StarrocksRemainingSharedMapperCompatibilityTest#allRemainingSharedMapperStatementsExecuteAgainstRealStarrocks	StarrocksRemainingSharedMapperCompatibilityTest#allRemainingSharedMapperStatementsExecuteAgainstRealStarrocks	VERIFIED
shared	true	org.cbioportal.legacy.persistence.mybatis.GenesetHierarchyMapper	getGenesetHierarchyGenesets	SELECT	geneset,geneset_hierarchy_leaf	src/main/resources/org/cbioportal/legacy/persistence/mybatis/GenesetHierarchyMapper.xml	StarrocksRemainingSharedMapperCompatibilityTest#allRemainingSharedMapperStatementsExecuteAgainstRealStarrocks	StarrocksRemainingSharedMapperCompatibilityTest#allRemainingSharedMapperStatementsExecuteAgainstRealStarrocks	VERIFIED
shared	true	org.cbioportal.legacy.persistence.mybatis.GenesetHierarchyMapper	getGenesetHierarchyParents	SELECT	geneset,geneset_hierarchy_leaf,geneset_hierarchy_node	src/main/resources/org/cbioportal/legacy/persistence/mybatis/GenesetHierarchyMapper.xml	StarrocksRemainingSharedMapperCompatibilityTest#allRemainingSharedMapperStatementsExecuteAgainstRealStarrocks	StarrocksRemainingSharedMapperCompatibilityTest#allRemainingSharedMapperStatementsExecuteAgainstRealStarrocks	VERIFIED
shared	true	org.cbioportal.legacy.persistence.mybatis.GenesetHierarchyMapper	getGenesetHierarchySuperNodes	SELECT	geneset,geneset_hierarchy_leaf,geneset_hierarchy_node	src/main/resources/org/cbioportal/legacy/persistence/mybatis/GenesetHierarchyMapper.xml	StarrocksRemainingSharedMapperCompatibilityTest#allRemainingSharedMapperStatementsExecuteAgainstRealStarrocks	StarrocksRemainingSharedMapperCompatibilityTest#allRemainingSharedMapperStatementsExecuteAgainstRealStarrocks	VERIFIED
shared	true	org.cbioportal.legacy.persistence.mybatis.GenesetMapper	fetchGenesets	SELECT	geneset	src/main/resources/org/cbioportal/legacy/persistence/mybatis/GenesetMapper.xml	StarrocksRemainingSharedMapperCompatibilityTest#allRemainingSharedMapperStatementsExecuteAgainstRealStarrocks	StarrocksRemainingSharedMapperCompatibilityTest#allRemainingSharedMapperStatementsExecuteAgainstRealStarrocks	VERIFIED
shared	true	org.cbioportal.legacy.persistence.mybatis.GenesetMapper	getGenesByGenesetId	SELECT	gene,geneset,geneset_gene	src/main/resources/org/cbioportal/legacy/persistence/mybatis/GenesetMapper.xml	StarrocksRemainingSharedMapperCompatibilityTest#allRemainingSharedMapperStatementsExecuteAgainstRealStarrocks	StarrocksRemainingSharedMapperCompatibilityTest#allRemainingSharedMapperStatementsExecuteAgainstRealStarrocks	VERIFIED
shared	true	org.cbioportal.legacy.persistence.mybatis.GenesetMapper	getGenesetByGenesetId	SELECT	geneset	src/main/resources/org/cbioportal/legacy/persistence/mybatis/GenesetMapper.xml	StarrocksRemainingSharedMapperCompatibilityTest#allRemainingSharedMapperStatementsExecuteAgainstRealStarrocks	StarrocksRemainingSharedMapperCompatibilityTest#allRemainingSharedMapperStatementsExecuteAgainstRealStarrocks	VERIFIED
shared	true	org.cbioportal.legacy.persistence.mybatis.GenesetMapper	getGenesetVersion	SELECT	info	src/main/resources/org/cbioportal/legacy/persistence/mybatis/GenesetMapper.xml	StarrocksRemainingSharedMapperCompatibilityTest#allRemainingSharedMapperStatementsExecuteAgainstRealStarrocks	StarrocksRemainingSharedMapperCompatibilityTest#allRemainingSharedMapperStatementsExecuteAgainstRealStarrocks	VERIFIED
shared	true	org.cbioportal.legacy.persistence.mybatis.GenesetMapper	getGenesets	SELECT	geneset	src/main/resources/org/cbioportal/legacy/persistence/mybatis/GenesetMapper.xml	StarrocksRemainingSharedMapperCompatibilityTest#allRemainingSharedMapperStatementsExecuteAgainstRealStarrocks	StarrocksRemainingSharedMapperCompatibilityTest#allRemainingSharedMapperStatementsExecuteAgainstRealStarrocks	VERIFIED
shared	true	org.cbioportal.legacy.persistence.mybatis.GenesetMapper	getMetaGenesets	SELECT	geneset	src/main/resources/org/cbioportal/legacy/persistence/mybatis/GenesetMapper.xml	StarrocksRemainingSharedMapperCompatibilityTest#allRemainingSharedMapperStatementsExecuteAgainstRealStarrocks	StarrocksRemainingSharedMapperCompatibilityTest#allRemainingSharedMapperStatementsExecuteAgainstRealStarrocks	VERIFIED
shared	true	org.cbioportal.legacy.persistence.mybatis.InfoMapper	getInfo	SELECT	info	src/main/resources/org/cbioportal/legacy/persistence/mybatis/InfoMapper.xml	StarrocksRemainingSharedMapperCompatibilityTest#allRemainingSharedMapperStatementsExecuteAgainstRealStarrocks	StarrocksRemainingSharedMapperCompatibilityTest#allRemainingSharedMapperStatementsExecuteAgainstRealStarrocks	VERIFIED
shared	true	org.cbioportal.legacy.persistence.mybatis.MolecularDataMapper	getCommaSeparatedSampleIdsOfMolecularProfiles	SELECT	genetic_profile,genetic_profile_samples	src/main/resources/org/cbioportal/legacy/persistence/mybatis/MolecularDataMapper.xml	StarrocksSharedMapperCompatibilityTest#sharedMappersExecutePortableBranchesAgainstRealStarrocks	StarrocksSharedMapperCompatibilityTest#sharedMappersExecutePortableBranchesAgainstRealStarrocks	VERIFIED
shared	true	org.cbioportal.legacy.persistence.mybatis.MolecularDataMapper	getGeneMolecularAlterations	SELECT	gene,genetic_alteration,genetic_profile	src/main/resources/org/cbioportal/legacy/persistence/mybatis/MolecularDataMapper.xml	StarrocksSharedMapperCompatibilityTest#sharedMappersExecutePortableBranchesAgainstRealStarrocks	StarrocksSharedMapperCompatibilityTest#sharedMappersExecutePortableBranchesAgainstRealStarrocks	VERIFIED
shared	true	org.cbioportal.legacy.persistence.mybatis.MolecularDataMapper	getGeneMolecularAlterationsInMultipleMolecularProfiles	SELECT	gene,genetic_alteration,genetic_profile	src/main/resources/org/cbioportal/legacy/persistence/mybatis/MolecularDataMapper.xml	StarrocksSharedMapperCompatibilityTest#sharedMappersExecutePortableBranchesAgainstRealStarrocks	StarrocksSharedMapperCompatibilityTest#sharedMappersExecutePortableBranchesAgainstRealStarrocks	VERIFIED
shared	true	org.cbioportal.legacy.persistence.mybatis.MolecularDataMapper	getGeneMolecularAlterationsIter	SELECT	gene,genetic_alteration,genetic_profile	src/main/resources/org/cbioportal/legacy/persistence/mybatis/MolecularDataMapper.xml	StarrocksSharedMapperCompatibilityTest#sharedMappersExecutePortableBranchesAgainstRealStarrocks	StarrocksSharedMapperCompatibilityTest#sharedMappersExecutePortableBranchesAgainstRealStarrocks	VERIFIED
shared	true	org.cbioportal.legacy.persistence.mybatis.MolecularDataMapper	getGeneMolecularAlterationsIterFast	SELECT	gene,genetic_alteration,genetic_profile	src/main/resources/org/cbioportal/legacy/persistence/mybatis/MolecularDataMapper.xml	StarrocksRemainingSharedMapperCompatibilityTest#allRemainingSharedMapperStatementsExecuteAgainstRealStarrocks	StarrocksRemainingSharedMapperCompatibilityTest#allRemainingSharedMapperStatementsExecuteAgainstRealStarrocks	VERIFIED
shared	true	org.cbioportal.legacy.persistence.mybatis.MolecularDataMapper	getGenericAssayMolecularAlterations	SELECT	genetic_alteration,genetic_entity,genetic_profile	src/main/resources/org/cbioportal/legacy/persistence/mybatis/MolecularDataMapper.xml	StarrocksSharedMapperCompatibilityTest#sharedMappersExecutePortableBranchesAgainstRealStarrocks	StarrocksSharedMapperCompatibilityTest#sharedMappersExecutePortableBranchesAgainstRealStarrocks	VERIFIED
shared	true	org.cbioportal.legacy.persistence.mybatis.MolecularDataMapper	getGenericAssayMolecularAlterationsIter	SELECT	genetic_alteration,genetic_entity,genetic_profile	src/main/resources/org/cbioportal/legacy/persistence/mybatis/MolecularDataMapper.xml	StarrocksRemainingSharedMapperCompatibilityTest#allRemainingSharedMapperStatementsExecuteAgainstRealStarrocks	StarrocksRemainingSharedMapperCompatibilityTest#allRemainingSharedMapperStatementsExecuteAgainstRealStarrocks	VERIFIED
shared	true	org.cbioportal.legacy.persistence.mybatis.MolecularDataMapper	getGenesetMolecularAlterations	SELECT	geneset,genetic_alteration,genetic_profile	src/main/resources/org/cbioportal/legacy/persistence/mybatis/MolecularDataMapper.xml	StarrocksSharedMapperCompatibilityTest#sharedMappersExecutePortableBranchesAgainstRealStarrocks	StarrocksSharedMapperCompatibilityTest#sharedMappersExecutePortableBranchesAgainstRealStarrocks	VERIFIED
shared	true	org.cbioportal.legacy.persistence.mybatis.MolecularProfileMapper	getAllMolecularProfilesInStudies	SELECT	cancer_study,genetic_profile,reference_genome	src/main/resources/org/cbioportal/legacy/persistence/mybatis/MolecularProfileMapper.xml	StarrocksRemainingSharedMapperCompatibilityTest#allRemainingSharedMapperStatementsExecuteAgainstRealStarrocks	StarrocksRemainingSharedMapperCompatibilityTest#allRemainingSharedMapperStatementsExecuteAgainstRealStarrocks	VERIFIED
shared	true	org.cbioportal.legacy.persistence.mybatis.MolecularProfileMapper	getMetaMolecularProfiles	SELECT	genetic_profile	src/main/resources/org/cbioportal/legacy/persistence/mybatis/MolecularProfileMapper.xml	StarrocksRemainingSharedMapperCompatibilityTest#allRemainingSharedMapperStatementsExecuteAgainstRealStarrocks	StarrocksRemainingSharedMapperCompatibilityTest#allRemainingSharedMapperStatementsExecuteAgainstRealStarrocks	VERIFIED
shared	true	org.cbioportal.legacy.persistence.mybatis.MolecularProfileMapper	getMetaMolecularProfilesInStudies	SELECT	cancer_study,genetic_profile,reference_genome	src/main/resources/org/cbioportal/legacy/persistence/mybatis/MolecularProfileMapper.xml	StarrocksRemainingSharedMapperCompatibilityTest#allRemainingSharedMapperStatementsExecuteAgainstRealStarrocks	StarrocksRemainingSharedMapperCompatibilityTest#allRemainingSharedMapperStatementsExecuteAgainstRealStarrocks	VERIFIED
shared	true	org.cbioportal.legacy.persistence.mybatis.MolecularProfileMapper	getMolecularProfile	SELECT	cancer_study,genetic_profile,reference_genome	src/main/resources/org/cbioportal/legacy/persistence/mybatis/MolecularProfileMapper.xml	StarrocksRemainingSharedMapperCompatibilityTest#allRemainingSharedMapperStatementsExecuteAgainstRealStarrocks	StarrocksRemainingSharedMapperCompatibilityTest#allRemainingSharedMapperStatementsExecuteAgainstRealStarrocks	VERIFIED
shared	true	org.cbioportal.legacy.persistence.mybatis.MolecularProfileMapper	getMolecularProfiles	SELECT	cancer_study,genetic_profile,reference_genome	src/main/resources/org/cbioportal/legacy/persistence/mybatis/MolecularProfileMapper.xml	StarrocksRemainingSharedMapperCompatibilityTest#allRemainingSharedMapperStatementsExecuteAgainstRealStarrocks	StarrocksRemainingSharedMapperCompatibilityTest#allRemainingSharedMapperStatementsExecuteAgainstRealStarrocks	VERIFIED
shared	true	org.cbioportal.legacy.persistence.mybatis.MolecularProfileMapper	getMolecularProfilesReferredBy	SELECT	cancer_study,genetic_profile,genetic_profile_link,reference_genome	src/main/resources/org/cbioportal/legacy/persistence/mybatis/MolecularProfileMapper.xml	StarrocksRemainingSharedMapperCompatibilityTest#allRemainingSharedMapperStatementsExecuteAgainstRealStarrocks	StarrocksRemainingSharedMapperCompatibilityTest#allRemainingSharedMapperStatementsExecuteAgainstRealStarrocks	VERIFIED
shared	true	org.cbioportal.legacy.persistence.mybatis.MolecularProfileMapper	getMolecularProfilesReferringTo	SELECT	cancer_study,genetic_profile,genetic_profile_link,reference_genome	src/main/resources/org/cbioportal/legacy/persistence/mybatis/MolecularProfileMapper.xml	StarrocksRemainingSharedMapperCompatibilityTest#allRemainingSharedMapperStatementsExecuteAgainstRealStarrocks	StarrocksRemainingSharedMapperCompatibilityTest#allRemainingSharedMapperStatementsExecuteAgainstRealStarrocks	VERIFIED
shared	true	org.cbioportal.legacy.persistence.mybatis.MutationMapper	getMetaMutationsBySampleIds	SELECT	mutation_derived	src/main/resources/org/cbioportal/legacy/persistence/mybatis/MutationMapper.xml	StarrocksMutationMapperTest#allMutationStatementsAndControllerPathsExecuteAgainstFixture	StarrocksMutationMapperTest#allMutationStatementsAndControllerPathsExecuteAgainstFixture	VERIFIED
shared	true	org.cbioportal.legacy.persistence.mybatis.MutationMapper	getMetaMutationsBySampleListId	SELECT	mutation_derived,sample_list,sample_list_list	src/main/resources/org/cbioportal/legacy/persistence/mybatis/MutationMapper.xml	StarrocksMutationMapperTest#allMutationStatementsAndControllerPathsExecuteAgainstFixture	StarrocksMutationMapperTest#allMutationStatementsAndControllerPathsExecuteAgainstFixture	VERIFIED
shared	true	org.cbioportal.legacy.persistence.mybatis.MutationMapper	getMetaMutationsInMultipleMolecularProfiles	SELECT	mutation_derived	src/main/resources/org/cbioportal/legacy/persistence/mybatis/MutationMapper.xml	ClickhouseMutationMapperTest#getMetaMutationsInMultipleMolecularProfiles,ClickhouseMutationMapperTest#getMetaMutationsInMultipleMolecularProfiles_SampleIdEmpty,StarrocksMutationMapperTest#allMutationStatementsAndControllerPathsExecuteAgainstFixture	StarrocksMutationMapperTest#allMutationStatementsAndControllerPathsExecuteAgainstFixture	VERIFIED
shared	true	org.cbioportal.legacy.persistence.mybatis.MutationMapper	getMutationCountByPosition	SELECT	mutation_derived	src/main/resources/org/cbioportal/legacy/persistence/mybatis/MutationMapper.xml	StarrocksMutationMapperTest#allMutationStatementsAndControllerPathsExecuteAgainstFixture	StarrocksMutationMapperTest#allMutationStatementsAndControllerPathsExecuteAgainstFixture	VERIFIED
shared	true	org.cbioportal.legacy.persistence.mybatis.MutationMapper	getMutationCountsByType	SELECT	mutation_derived	src/main/resources/org/cbioportal/legacy/persistence/mybatis/MutationMapper.xml	StarrocksMutationMapperTest#allMutationStatementsAndControllerPathsExecuteAgainstFixture	StarrocksMutationMapperTest#allMutationStatementsAndControllerPathsExecuteAgainstFixture	VERIFIED
shared	true	org.cbioportal.legacy.persistence.mybatis.MutationMapper	getMutationsBySampleListId	SELECT	mutation_derived,sample_list,sample_list_list	src/main/resources/org/cbioportal/legacy/persistence/mybatis/MutationMapper.xml	StarrocksMutationMapperTest#allMutationStatementsAndControllerPathsExecuteAgainstFixture	StarrocksMutationMapperTest#allMutationStatementsAndControllerPathsExecuteAgainstFixture	VERIFIED
shared	true	org.cbioportal.legacy.persistence.mybatis.MutationMapper	getMutationsInMultipleMolecularProfiles	SELECT	mutation_derived	src/main/resources/org/cbioportal/legacy/persistence/mybatis/MutationMapper.xml	StarrocksMutationMapperTest#allMutationStatementsAndControllerPathsExecuteAgainstFixture	StarrocksMutationMapperTest#allMutationStatementsAndControllerPathsExecuteAgainstFixture	VERIFIED
shared	true	org.cbioportal.legacy.persistence.mybatis.MutationMapper	getMutationsInMultipleMolecularProfilesByGeneQueries	SELECT	mutation_derived	src/main/resources/org/cbioportal/legacy/persistence/mybatis/MutationMapper.xml	StarrocksMutationMapperTest#allMutationStatementsAndControllerPathsExecuteAgainstFixture	StarrocksMutationMapperTest#allMutationStatementsAndControllerPathsExecuteAgainstFixture	VERIFIED
shared	true	org.cbioportal.legacy.persistence.mybatis.NamespaceMapper	getNamespaceAttributeCountsBySampleIds	SELECT	cancer_study,mutation,patient,sample,sample_cna_event,structural_variant	src/main/resources/org/cbioportal/legacy/persistence/mybatis/NamespaceMapper.xml	StarrocksSharedMapperCompatibilityTest#sharedMappersExecutePortableBranchesAgainstRealStarrocks	StarrocksSharedMapperCompatibilityTest#sharedMappersExecutePortableBranchesAgainstRealStarrocks	VERIFIED
shared	true	org.cbioportal.legacy.persistence.mybatis.NamespaceMapper	getNamespaceData	SELECT	cancer_study,mutation,patient,sample,sample_cna_event,structural_variant	src/main/resources/org/cbioportal/legacy/persistence/mybatis/NamespaceMapper.xml	StarrocksSharedMapperCompatibilityTest#sharedMappersExecutePortableBranchesAgainstRealStarrocks	StarrocksSharedMapperCompatibilityTest#sharedMappersExecutePortableBranchesAgainstRealStarrocks	VERIFIED
shared	true	org.cbioportal.legacy.persistence.mybatis.NamespaceMapper	getNamespaceDataCounts	SELECT	cancer_study,mutation,patient,sample,sample_cna_event,structural_variant	src/main/resources/org/cbioportal/legacy/persistence/mybatis/NamespaceMapper.xml	StarrocksSharedMapperCompatibilityTest#sharedMappersExecutePortableBranchesAgainstRealStarrocks	StarrocksSharedMapperCompatibilityTest#sharedMappersExecutePortableBranchesAgainstRealStarrocks	VERIFIED
shared	true	org.cbioportal.legacy.persistence.mybatis.NamespaceMapper	getNamespaceDataForComparison	SELECT	cancer_study,mutation,patient,sample,sample_cna_event,structural_variant	src/main/resources/org/cbioportal/legacy/persistence/mybatis/NamespaceMapper.xml	StarrocksSharedMapperCompatibilityTest#sharedMappersExecutePortableBranchesAgainstRealStarrocks	StarrocksSharedMapperCompatibilityTest#sharedMappersExecutePortableBranchesAgainstRealStarrocks	VERIFIED
shared	true	org.cbioportal.legacy.persistence.mybatis.NamespaceMapper	getNamespaceInnerKey	SELECT	cancer_study,mutation,patient,sample,sample_cna_event,structural_variant	src/main/resources/org/cbioportal/legacy/persistence/mybatis/NamespaceMapper.xml	StarrocksSharedMapperCompatibilityTest#sharedMappersExecutePortableBranchesAgainstRealStarrocks	StarrocksSharedMapperCompatibilityTest#sharedMappersExecutePortableBranchesAgainstRealStarrocks	VERIFIED
shared	true	org.cbioportal.legacy.persistence.mybatis.NamespaceMapper	getNamespaceOuterKey	SELECT	cancer_study,mutation,patient,sample,sample_cna_event,structural_variant	src/main/resources/org/cbioportal/legacy/persistence/mybatis/NamespaceMapper.xml	StarrocksSharedMapperCompatibilityTest#sharedMappersExecutePortableBranchesAgainstRealStarrocks	StarrocksSharedMapperCompatibilityTest#sharedMappersExecutePortableBranchesAgainstRealStarrocks	VERIFIED
shared	true	org.cbioportal.legacy.persistence.mybatis.PatientMapper	getMetaPatients	SELECT	cancer_study,patient,reference_genome,sample	src/main/resources/org/cbioportal/legacy/persistence/mybatis/PatientMapper.xml	StarrocksRemainingSharedMapperCompatibilityTest#allRemainingSharedMapperStatementsExecuteAgainstRealStarrocks	StarrocksRemainingSharedMapperCompatibilityTest#allRemainingSharedMapperStatementsExecuteAgainstRealStarrocks	VERIFIED
shared	true	org.cbioportal.legacy.persistence.mybatis.PatientMapper	getPatient	SELECT	cancer_study,patient,reference_genome	src/main/resources/org/cbioportal/legacy/persistence/mybatis/PatientMapper.xml	StarrocksRemainingSharedMapperCompatibilityTest#allRemainingSharedMapperStatementsExecuteAgainstRealStarrocks	StarrocksRemainingSharedMapperCompatibilityTest#allRemainingSharedMapperStatementsExecuteAgainstRealStarrocks	VERIFIED
shared	true	org.cbioportal.legacy.persistence.mybatis.PatientMapper	getPatients	SELECT	cancer_study,patient,reference_genome,sample	src/main/resources/org/cbioportal/legacy/persistence/mybatis/PatientMapper.xml	StarrocksSharedMapperCompatibilityTest#sharedMappersExecutePortableBranchesAgainstRealStarrocks	StarrocksSharedMapperCompatibilityTest#sharedMappersExecutePortableBranchesAgainstRealStarrocks	VERIFIED
shared	true	org.cbioportal.legacy.persistence.mybatis.PatientMapper	getPatientsOfSamples	SELECT	cancer_study,patient,reference_genome,sample	src/main/resources/org/cbioportal/legacy/persistence/mybatis/PatientMapper.xml	StarrocksSharedMapperCompatibilityTest#sharedMappersExecutePortableBranchesAgainstRealStarrocks	StarrocksSharedMapperCompatibilityTest#sharedMappersExecutePortableBranchesAgainstRealStarrocks	VERIFIED
shared	true	org.cbioportal.legacy.persistence.mybatis.ReferenceGenomeGeneMapper	getAllGenesByGenomeName	SELECT	gene,reference_genome,reference_genome_gene	src/main/resources/org/cbioportal/legacy/persistence/mybatis/ReferenceGenomeGeneMapper.xml	StarrocksRemainingSharedMapperCompatibilityTest#allRemainingSharedMapperStatementsExecuteAgainstRealStarrocks	StarrocksRemainingSharedMapperCompatibilityTest#allRemainingSharedMapperStatementsExecuteAgainstRealStarrocks	VERIFIED
shared	true	org.cbioportal.legacy.persistence.mybatis.ReferenceGenomeGeneMapper	getGenesByGenomeName	SELECT	gene,reference_genome,reference_genome_gene	src/main/resources/org/cbioportal/legacy/persistence/mybatis/ReferenceGenomeGeneMapper.xml	StarrocksRemainingSharedMapperCompatibilityTest#allRemainingSharedMapperStatementsExecuteAgainstRealStarrocks	StarrocksRemainingSharedMapperCompatibilityTest#allRemainingSharedMapperStatementsExecuteAgainstRealStarrocks	VERIFIED
shared	true	org.cbioportal.legacy.persistence.mybatis.ReferenceGenomeGeneMapper	getGenesByHugoGeneSymbolsAndGenomeName	SELECT	gene,reference_genome,reference_genome_gene	src/main/resources/org/cbioportal/legacy/persistence/mybatis/ReferenceGenomeGeneMapper.xml	StarrocksRemainingSharedMapperCompatibilityTest#allRemainingSharedMapperStatementsExecuteAgainstRealStarrocks	StarrocksRemainingSharedMapperCompatibilityTest#allRemainingSharedMapperStatementsExecuteAgainstRealStarrocks	VERIFIED
shared	true	org.cbioportal.legacy.persistence.mybatis.ReferenceGenomeGeneMapper	getReferenceGenomeGene	SELECT	gene,reference_genome,reference_genome_gene	src/main/resources/org/cbioportal/legacy/persistence/mybatis/ReferenceGenomeGeneMapper.xml	StarrocksRemainingSharedMapperCompatibilityTest#allRemainingSharedMapperStatementsExecuteAgainstRealStarrocks	StarrocksRemainingSharedMapperCompatibilityTest#allRemainingSharedMapperStatementsExecuteAgainstRealStarrocks	VERIFIED
shared	true	org.cbioportal.legacy.persistence.mybatis.ReferenceGenomeGeneMapper	getReferenceGenomeGeneByEntityId	SELECT	gene,reference_genome,reference_genome_gene	src/main/resources/org/cbioportal/legacy/persistence/mybatis/ReferenceGenomeGeneMapper.xml	StarrocksRemainingSharedMapperCompatibilityTest#allRemainingSharedMapperStatementsExecuteAgainstRealStarrocks	StarrocksRemainingSharedMapperCompatibilityTest#allRemainingSharedMapperStatementsExecuteAgainstRealStarrocks	VERIFIED
shared	true	org.cbioportal.legacy.persistence.mybatis.ResourceDataMapper	getResourceDataForStudy	SELECT	cancer_study,resource_definition,resource_study	src/main/resources/org/cbioportal/legacy/persistence/mybatis/ResourceDataMapper.xml	StarrocksRemainingSharedMapperCompatibilityTest#allRemainingSharedMapperStatementsExecuteAgainstRealStarrocks	StarrocksRemainingSharedMapperCompatibilityTest#allRemainingSharedMapperStatementsExecuteAgainstRealStarrocks	VERIFIED
shared	true	org.cbioportal.legacy.persistence.mybatis.ResourceDataMapper	getResourceDataOfPatientInStudy	SELECT	cancer_study,patient,resource_definition,resource_patient	src/main/resources/org/cbioportal/legacy/persistence/mybatis/ResourceDataMapper.xml	StarrocksRemainingSharedMapperCompatibilityTest#allRemainingSharedMapperStatementsExecuteAgainstRealStarrocks	StarrocksRemainingSharedMapperCompatibilityTest#allRemainingSharedMapperStatementsExecuteAgainstRealStarrocks	VERIFIED
shared	true	org.cbioportal.legacy.persistence.mybatis.ResourceDataMapper	getResourceDataOfSampleInStudy	SELECT	cancer_study,patient,resource_definition,resource_sample,sample	src/main/resources/org/cbioportal/legacy/persistence/mybatis/ResourceDataMapper.xml	StarrocksRemainingSharedMapperCompatibilityTest#allRemainingSharedMapperStatementsExecuteAgainstRealStarrocks	StarrocksRemainingSharedMapperCompatibilityTest#allRemainingSharedMapperStatementsExecuteAgainstRealStarrocks	VERIFIED
shared	true	org.cbioportal.legacy.persistence.mybatis.ResourceDefinitionMapper	getResourceDefinition	SELECT	cancer_study,resource_definition	src/main/resources/org/cbioportal/legacy/persistence/mybatis/ResourceDefinitionMapper.xml	StarrocksRemainingSharedMapperCompatibilityTest#allRemainingSharedMapperStatementsExecuteAgainstRealStarrocks	StarrocksRemainingSharedMapperCompatibilityTest#allRemainingSharedMapperStatementsExecuteAgainstRealStarrocks	VERIFIED
shared	true	org.cbioportal.legacy.persistence.mybatis.ResourceDefinitionMapper	getResourceDefinitions	SELECT	cancer_study,resource_definition	src/main/resources/org/cbioportal/legacy/persistence/mybatis/ResourceDefinitionMapper.xml	StarrocksRemainingSharedMapperCompatibilityTest#allRemainingSharedMapperStatementsExecuteAgainstRealStarrocks	StarrocksRemainingSharedMapperCompatibilityTest#allRemainingSharedMapperStatementsExecuteAgainstRealStarrocks	VERIFIED
shared	true	org.cbioportal.legacy.persistence.mybatis.SampleListMapper	getAllSampleIdsInSampleList	SELECT	sample,sample_list,sample_list_list	src/main/resources/org/cbioportal/legacy/persistence/mybatis/SampleListMapper.xml	StarrocksRemainingSharedMapperCompatibilityTest#allRemainingSharedMapperStatementsExecuteAgainstRealStarrocks	StarrocksRemainingSharedMapperCompatibilityTest#allRemainingSharedMapperStatementsExecuteAgainstRealStarrocks	VERIFIED
shared	true	org.cbioportal.legacy.persistence.mybatis.SampleListMapper	getAllSampleLists	SELECT	cancer_study,reference_genome,sample_list	src/main/resources/org/cbioportal/legacy/persistence/mybatis/SampleListMapper.xml	StarrocksRemainingSharedMapperCompatibilityTest#allRemainingSharedMapperStatementsExecuteAgainstRealStarrocks	StarrocksRemainingSharedMapperCompatibilityTest#allRemainingSharedMapperStatementsExecuteAgainstRealStarrocks	VERIFIED
shared	true	org.cbioportal.legacy.persistence.mybatis.SampleListMapper	getMetaSampleLists	SELECT	cancer_study,sample_list	src/main/resources/org/cbioportal/legacy/persistence/mybatis/SampleListMapper.xml	StarrocksRemainingSharedMapperCompatibilityTest#allRemainingSharedMapperStatementsExecuteAgainstRealStarrocks	StarrocksRemainingSharedMapperCompatibilityTest#allRemainingSharedMapperStatementsExecuteAgainstRealStarrocks	VERIFIED
shared	true	org.cbioportal.legacy.persistence.mybatis.SampleListMapper	getSampleList	SELECT	cancer_study,reference_genome,sample_list	src/main/resources/org/cbioportal/legacy/persistence/mybatis/SampleListMapper.xml	StarrocksRemainingSharedMapperCompatibilityTest#allRemainingSharedMapperStatementsExecuteAgainstRealStarrocks	StarrocksRemainingSharedMapperCompatibilityTest#allRemainingSharedMapperStatementsExecuteAgainstRealStarrocks	VERIFIED
shared	true	org.cbioportal.legacy.persistence.mybatis.SampleListMapper	getSampleListSampleIds	SELECT	sample,sample_list_list	src/main/resources/org/cbioportal/legacy/persistence/mybatis/SampleListMapper.xml	StarrocksRemainingSharedMapperCompatibilityTest#allRemainingSharedMapperStatementsExecuteAgainstRealStarrocks	StarrocksRemainingSharedMapperCompatibilityTest#allRemainingSharedMapperStatementsExecuteAgainstRealStarrocks	VERIFIED
shared	true	org.cbioportal.legacy.persistence.mybatis.SampleListMapper	getSampleLists	SELECT	cancer_study,reference_genome,sample_list	src/main/resources/org/cbioportal/legacy/persistence/mybatis/SampleListMapper.xml	StarrocksRemainingSharedMapperCompatibilityTest#allRemainingSharedMapperStatementsExecuteAgainstRealStarrocks	StarrocksRemainingSharedMapperCompatibilityTest#allRemainingSharedMapperStatementsExecuteAgainstRealStarrocks	VERIFIED
shared	true	org.cbioportal.legacy.persistence.mybatis.SampleMapper	getMetaSamples	SELECT	cancer_study,patient,reference_genome,sample	src/main/resources/org/cbioportal/legacy/persistence/mybatis/SampleMapper.xml	ClickhouseSampleMapperTest#getMetaSamples,StarrocksStudySampleMapperTest#allStudyPatientAndSampleStatementsExecuteAgainstFixture	StarrocksStudySampleMapperTest#allStudyPatientAndSampleStatementsExecuteAgainstFixture	VERIFIED
shared	true	org.cbioportal.legacy.persistence.mybatis.SampleMapper	getMetaSamplesBySampleListIds	SELECT	cancer_study,patient,reference_genome,sample,sample_list,sample_list_list	src/main/resources/org/cbioportal/legacy/persistence/mybatis/SampleMapper.xml	ClickhouseSampleMapperTest#getMetaSamplesBySampleListIds,StarrocksStudySampleMapperTest#allStudyPatientAndSampleStatementsExecuteAgainstFixture	StarrocksStudySampleMapperTest#allStudyPatientAndSampleStatementsExecuteAgainstFixture	VERIFIED
shared	true	org.cbioportal.legacy.persistence.mybatis.SampleMapper	getSample	SELECT	cancer_study,patient,reference_genome,sample	src/main/resources/org/cbioportal/legacy/persistence/mybatis/SampleMapper.xml	ClickhouseSampleMapperTest#getSample,StarrocksStudySampleMapperTest#allStudyPatientAndSampleStatementsExecuteAgainstFixture	StarrocksStudySampleMapperTest#allStudyPatientAndSampleStatementsExecuteAgainstFixture	VERIFIED
shared	true	org.cbioportal.legacy.persistence.mybatis.SampleMapper	getSampleByInternalId	SELECT	cancer_study,patient,reference_genome,sample	src/main/resources/org/cbioportal/legacy/persistence/mybatis/SampleMapper.xml	StarrocksRemainingSharedMapperCompatibilityTest#allRemainingSharedMapperStatementsExecuteAgainstRealStarrocks	StarrocksRemainingSharedMapperCompatibilityTest#allRemainingSharedMapperStatementsExecuteAgainstRealStarrocks	VERIFIED
shared	true	org.cbioportal.legacy.persistence.mybatis.SampleMapper	getSamples	SELECT	cancer_study,patient,reference_genome,sample	src/main/resources/org/cbioportal/legacy/persistence/mybatis/SampleMapper.xml	ClickhouseSampleMapperTest#getSamples,ClickhouseSampleMapperTest#getSamplesByStudyAndSampleIds,StarrocksSharedMapperCompatibilityTest#sharedMappersExecutePortableBranchesAgainstRealStarrocks,StarrocksStudySampleMapperTest#allStudyPatientAndSampleStatementsExecuteAgainstFixture,StarrocksStudySampleRepositoryTest#sampleRepositorySelectsProjectionAndCalculatesOffset	StarrocksSharedMapperCompatibilityTest#sharedMappersExecutePortableBranchesAgainstRealStarrocks,StarrocksStudySampleMapperTest#allStudyPatientAndSampleStatementsExecuteAgainstFixture,StarrocksStudySampleRepositoryTest#sampleRepositorySelectsProjectionAndCalculatesOffset	VERIFIED
shared	true	org.cbioportal.legacy.persistence.mybatis.SampleMapper	getSamplesByInternalIds	SELECT	cancer_study,patient,reference_genome,sample	src/main/resources/org/cbioportal/legacy/persistence/mybatis/SampleMapper.xml	StarrocksRemainingSharedMapperCompatibilityTest#allRemainingSharedMapperStatementsExecuteAgainstRealStarrocks	StarrocksRemainingSharedMapperCompatibilityTest#allRemainingSharedMapperStatementsExecuteAgainstRealStarrocks	VERIFIED
shared	true	org.cbioportal.legacy.persistence.mybatis.SampleMapper	getSamplesBySampleListIds	SELECT	cancer_study,patient,reference_genome,sample,sample_list,sample_list_list	src/main/resources/org/cbioportal/legacy/persistence/mybatis/SampleMapper.xml	ClickhouseSampleMapperTest#getSamplesBySampleListIds,StarrocksStudySampleMapperTest#allStudyPatientAndSampleStatementsExecuteAgainstFixture	StarrocksStudySampleMapperTest#allStudyPatientAndSampleStatementsExecuteAgainstFixture	VERIFIED
shared	true	org.cbioportal.legacy.persistence.mybatis.SampleMapper	getSamplesOfPatients	SELECT	cancer_study,patient,reference_genome,sample	src/main/resources/org/cbioportal/legacy/persistence/mybatis/SampleMapper.xml	StarrocksRemainingSharedMapperCompatibilityTest#allRemainingSharedMapperStatementsExecuteAgainstRealStarrocks	StarrocksRemainingSharedMapperCompatibilityTest#allRemainingSharedMapperStatementsExecuteAgainstRealStarrocks	VERIFIED
shared	true	org.cbioportal.legacy.persistence.mybatis.SampleMapper	getSamplesOfPatientsInMultipleStudies	SELECT	cancer_study,patient,reference_genome,sample	src/main/resources/org/cbioportal/legacy/persistence/mybatis/SampleMapper.xml	StarrocksSharedMapperCompatibilityTest#sharedMappersExecutePortableBranchesAgainstRealStarrocks	StarrocksSharedMapperCompatibilityTest#sharedMappersExecutePortableBranchesAgainstRealStarrocks	VERIFIED
shared	true	org.cbioportal.legacy.persistence.mybatis.SecurityMapper	addPortalUser	INSERT	users	src/main/resources/org/cbioportal/legacy/persistence/mybatis/SecurityMapper.xml	StarrocksRemainingSharedMapperCompatibilityTest#allRemainingSharedMapperStatementsExecuteAgainstRealStarrocks	StarrocksRemainingSharedMapperCompatibilityTest#allRemainingSharedMapperStatementsExecuteAgainstRealStarrocks	VERIFIED
shared	true	org.cbioportal.legacy.persistence.mybatis.SecurityMapper	addPortalUserAuthority	INSERT	authorities	src/main/resources/org/cbioportal/legacy/persistence/mybatis/SecurityMapper.xml	StarrocksRemainingSharedMapperCompatibilityTest#allRemainingSharedMapperStatementsExecuteAgainstRealStarrocks	StarrocksRemainingSharedMapperCompatibilityTest#allRemainingSharedMapperStatementsExecuteAgainstRealStarrocks	VERIFIED
shared	true	org.cbioportal.legacy.persistence.mybatis.SecurityMapper	getCancerStudyGroups	SELECT	cancer_study	src/main/resources/org/cbioportal/legacy/persistence/mybatis/SecurityMapper.xml	StarrocksRemainingSharedMapperCompatibilityTest#allRemainingSharedMapperStatementsExecuteAgainstRealStarrocks	StarrocksRemainingSharedMapperCompatibilityTest#allRemainingSharedMapperStatementsExecuteAgainstRealStarrocks	VERIFIED
shared	true	org.cbioportal.legacy.persistence.mybatis.SecurityMapper	getPortalUser	SELECT	users	src/main/resources/org/cbioportal/legacy/persistence/mybatis/SecurityMapper.xml	StarrocksRemainingSharedMapperCompatibilityTest#allRemainingSharedMapperStatementsExecuteAgainstRealStarrocks	StarrocksRemainingSharedMapperCompatibilityTest#allRemainingSharedMapperStatementsExecuteAgainstRealStarrocks	VERIFIED
shared	true	org.cbioportal.legacy.persistence.mybatis.SecurityMapper	getPortalUserAuthorities	SELECT	authorities	src/main/resources/org/cbioportal/legacy/persistence/mybatis/SecurityMapper.xml	StarrocksRemainingSharedMapperCompatibilityTest#allRemainingSharedMapperStatementsExecuteAgainstRealStarrocks	StarrocksRemainingSharedMapperCompatibilityTest#allRemainingSharedMapperStatementsExecuteAgainstRealStarrocks	VERIFIED
shared	true	org.cbioportal.legacy.persistence.mybatis.SignificantCopyNumberRegionMapper	getGenesOfRegions	SELECT	gene,gistic_to_gene	src/main/resources/org/cbioportal/legacy/persistence/mybatis/SignificantCopyNumberRegionMapper.xml	StarrocksRemainingSharedMapperCompatibilityTest#allRemainingSharedMapperStatementsExecuteAgainstRealStarrocks	StarrocksRemainingSharedMapperCompatibilityTest#allRemainingSharedMapperStatementsExecuteAgainstRealStarrocks	VERIFIED
shared	true	org.cbioportal.legacy.persistence.mybatis.SignificantCopyNumberRegionMapper	getMetaSignificantCopyNumberRegions	SELECT	cancer_study,gistic	src/main/resources/org/cbioportal/legacy/persistence/mybatis/SignificantCopyNumberRegionMapper.xml	StarrocksRemainingSharedMapperCompatibilityTest#allRemainingSharedMapperStatementsExecuteAgainstRealStarrocks	StarrocksRemainingSharedMapperCompatibilityTest#allRemainingSharedMapperStatementsExecuteAgainstRealStarrocks	VERIFIED
shared	true	org.cbioportal.legacy.persistence.mybatis.SignificantCopyNumberRegionMapper	getSignificantCopyNumberRegions	SELECT	cancer_study,gistic	src/main/resources/org/cbioportal/legacy/persistence/mybatis/SignificantCopyNumberRegionMapper.xml	StarrocksRemainingSharedMapperCompatibilityTest#allRemainingSharedMapperStatementsExecuteAgainstRealStarrocks	StarrocksRemainingSharedMapperCompatibilityTest#allRemainingSharedMapperStatementsExecuteAgainstRealStarrocks	VERIFIED
shared	true	org.cbioportal.legacy.persistence.mybatis.SignificantlyMutatedGeneMapper	getMetaSignificantlyMutatedGenes	SELECT	cancer_study,mut_sig	src/main/resources/org/cbioportal/legacy/persistence/mybatis/SignificantlyMutatedGeneMapper.xml	StarrocksRemainingSharedMapperCompatibilityTest#allRemainingSharedMapperStatementsExecuteAgainstRealStarrocks	StarrocksRemainingSharedMapperCompatibilityTest#allRemainingSharedMapperStatementsExecuteAgainstRealStarrocks	VERIFIED
shared	true	org.cbioportal.legacy.persistence.mybatis.SignificantlyMutatedGeneMapper	getSignificantlyMutatedGenes	SELECT	cancer_study,gene,mut_sig	src/main/resources/org/cbioportal/legacy/persistence/mybatis/SignificantlyMutatedGeneMapper.xml	StarrocksRemainingSharedMapperCompatibilityTest#allRemainingSharedMapperStatementsExecuteAgainstRealStarrocks	StarrocksRemainingSharedMapperCompatibilityTest#allRemainingSharedMapperStatementsExecuteAgainstRealStarrocks	VERIFIED
shared	true	org.cbioportal.legacy.persistence.mybatis.StaticDataTimestampMapper	getTimestamps	SELECT		src/main/resources/org/cbioportal/legacy/persistence/mybatis/StaticDataTimestampMapper.xml	StarrocksRemainingSharedMapperCompatibilityTest#allRemainingSharedMapperStatementsExecuteAgainstRealStarrocks	StarrocksRemainingSharedMapperCompatibilityTest#allRemainingSharedMapperStatementsExecuteAgainstRealStarrocks	VERIFIED
shared	true	org.cbioportal.legacy.persistence.mybatis.StructuralVariantMapper	fetchStructuralVariants	SELECT	alteration_driver_annotation,cancer_study,gene,genetic_profile,patient,sample,structural_variant	src/main/resources/org/cbioportal/legacy/persistence/mybatis/StructuralVariantMapper.xml	StarrocksGenomicAggregateMapperTest#allAlterationAndGenomicAggregateStatementsExecuteAgainstFixture	StarrocksGenomicAggregateMapperTest#allAlterationAndGenomicAggregateStatementsExecuteAgainstFixture	VERIFIED
shared	true	org.cbioportal.legacy.persistence.mybatis.StructuralVariantMapper	fetchStructuralVariantsByGeneQueries	SELECT	alteration_driver_annotation,cancer_study,gene,genetic_profile,patient,sample,structural_variant	src/main/resources/org/cbioportal/legacy/persistence/mybatis/StructuralVariantMapper.xml	StarrocksGenomicAggregateMapperTest#allAlterationAndGenomicAggregateStatementsExecuteAgainstFixture	StarrocksGenomicAggregateMapperTest#allAlterationAndGenomicAggregateStatementsExecuteAgainstFixture	VERIFIED
shared	true	org.cbioportal.legacy.persistence.mybatis.StructuralVariantMapper	fetchStructuralVariantsByStructVarQueries	SELECT	alteration_driver_annotation,cancer_study,gene,genetic_profile,patient,sample,structural_variant	src/main/resources/org/cbioportal/legacy/persistence/mybatis/StructuralVariantMapper.xml	StarrocksGenomicAggregateMapperTest#allAlterationAndGenomicAggregateStatementsExecuteAgainstFixture	StarrocksGenomicAggregateMapperTest#allAlterationAndGenomicAggregateStatementsExecuteAgainstFixture	VERIFIED
shared	true	org.cbioportal.legacy.persistence.mybatis.StudyMapper	getMetaStudies	SELECT	cancer_study,type_of_cancer	src/main/resources/org/cbioportal/legacy/persistence/mybatis/StudyMapper.xml	StarrocksRemainingSharedMapperCompatibilityTest#allRemainingSharedMapperStatementsExecuteAgainstRealStarrocks	StarrocksRemainingSharedMapperCompatibilityTest#allRemainingSharedMapperStatementsExecuteAgainstRealStarrocks	VERIFIED
shared	true	org.cbioportal.legacy.persistence.mybatis.StudyMapper	getResourceCounts	SELECT	cancer_study,patient,resource_definition,resource_patient,resource_sample,sample	src/main/resources/org/cbioportal/legacy/persistence/mybatis/StudyMapper.xml	StarrocksRemainingSharedMapperCompatibilityTest#allRemainingSharedMapperStatementsExecuteAgainstRealStarrocks	StarrocksRemainingSharedMapperCompatibilityTest#allRemainingSharedMapperStatementsExecuteAgainstRealStarrocks	VERIFIED
shared	true	org.cbioportal.legacy.persistence.mybatis.StudyMapper	getResourceCountsForAllStudies	SELECT	cancer_study,patient,resource_definition,resource_patient,resource_sample,sample	src/main/resources/org/cbioportal/legacy/persistence/mybatis/StudyMapper.xml	StarrocksStudySampleMapperTest#allStudyPatientAndSampleStatementsExecuteAgainstFixture,StarrocksStudySampleRepositoryTest#cancerStudyRepositoryDelegatesAllContractShapes	StarrocksStudySampleMapperTest#allStudyPatientAndSampleStatementsExecuteAgainstFixture,StarrocksStudySampleRepositoryTest#cancerStudyRepositoryDelegatesAllContractShapes	VERIFIED
shared	true	org.cbioportal.legacy.persistence.mybatis.StudyMapper	getStudies	SELECT	cancer_study,clinical_event_derived,patient,reference_genome,sample,sample_list,sample_list_list,structural_variant,type_of_cancer	src/main/resources/org/cbioportal/legacy/persistence/mybatis/StudyMapper.xml	StarrocksRemainingSharedMapperCompatibilityTest#allRemainingSharedMapperStatementsExecuteAgainstRealStarrocks	StarrocksRemainingSharedMapperCompatibilityTest#allRemainingSharedMapperStatementsExecuteAgainstRealStarrocks	VERIFIED
shared	true	org.cbioportal.legacy.persistence.mybatis.StudyMapper	getStudy	SELECT	cancer_study,clinical_event_derived,patient,reference_genome,sample,sample_list,sample_list_list,structural_variant,type_of_cancer	src/main/resources/org/cbioportal/legacy/persistence/mybatis/StudyMapper.xml	StarrocksRemainingSharedMapperCompatibilityTest#allRemainingSharedMapperStatementsExecuteAgainstRealStarrocks	StarrocksRemainingSharedMapperCompatibilityTest#allRemainingSharedMapperStatementsExecuteAgainstRealStarrocks	VERIFIED
shared	true	org.cbioportal.legacy.persistence.mybatis.StudyMapper	getTags	SELECT	cancer_study,cancer_study_tags	src/main/resources/org/cbioportal/legacy/persistence/mybatis/StudyMapper.xml	StarrocksRemainingSharedMapperCompatibilityTest#allRemainingSharedMapperStatementsExecuteAgainstRealStarrocks	StarrocksRemainingSharedMapperCompatibilityTest#allRemainingSharedMapperStatementsExecuteAgainstRealStarrocks	VERIFIED
shared	true	org.cbioportal.legacy.persistence.mybatis.StudyMapper	getTagsForMultipleStudies	SELECT	cancer_study,cancer_study_tags	src/main/resources/org/cbioportal/legacy/persistence/mybatis/StudyMapper.xml	StarrocksRemainingSharedMapperCompatibilityTest#allRemainingSharedMapperStatementsExecuteAgainstRealStarrocks	StarrocksRemainingSharedMapperCompatibilityTest#allRemainingSharedMapperStatementsExecuteAgainstRealStarrocks	VERIFIED
shared	true	org.cbioportal.legacy.persistence.mybatis.TreatmentMapper	getAllSamples	SELECT	cancer_study,clinical_event_data,clinical_event_derived,patient,sample	src/main/resources/org/cbioportal/legacy/persistence/mybatis/TreatmentMapper.xml	StarrocksRemainingSharedMapperCompatibilityTest#allRemainingSharedMapperStatementsExecuteAgainstRealStarrocks	StarrocksRemainingSharedMapperCompatibilityTest#allRemainingSharedMapperStatementsExecuteAgainstRealStarrocks	VERIFIED
shared	true	org.cbioportal.legacy.persistence.mybatis.TreatmentMapper	getAllShallowSamples	SELECT	cancer_study,patient,sample	src/main/resources/org/cbioportal/legacy/persistence/mybatis/TreatmentMapper.xml	StarrocksRemainingSharedMapperCompatibilityTest#allRemainingSharedMapperStatementsExecuteAgainstRealStarrocks	StarrocksRemainingSharedMapperCompatibilityTest#allRemainingSharedMapperStatementsExecuteAgainstRealStarrocks	VERIFIED
shared	true	org.cbioportal.legacy.persistence.mybatis.TreatmentMapper	getAllTreatments	SELECT	cancer_study,clinical_event_data,clinical_event_derived,patient,sample	src/main/resources/org/cbioportal/legacy/persistence/mybatis/TreatmentMapper.xml	StarrocksSharedMapperCompatibilityTest#sharedMappersExecutePortableBranchesAgainstRealStarrocks	StarrocksSharedMapperCompatibilityTest#sharedMappersExecutePortableBranchesAgainstRealStarrocks	VERIFIED
shared	true	org.cbioportal.legacy.persistence.mybatis.TreatmentMapper	hasSampleTimelineData	SELECT	cancer_study,clinical_event_data,clinical_event_derived,patient,sample	src/main/resources/org/cbioportal/legacy/persistence/mybatis/TreatmentMapper.xml	StarrocksSharedMapperCompatibilityTest#sharedMappersExecutePortableBranchesAgainstRealStarrocks	StarrocksSharedMapperCompatibilityTest#sharedMappersExecutePortableBranchesAgainstRealStarrocks	VERIFIED
shared	true	org.cbioportal.legacy.persistence.mybatis.TreatmentMapper	hasTreatmentData	SELECT	cancer_study,clinical_event_data,clinical_event_derived,patient,sample	src/main/resources/org/cbioportal/legacy/persistence/mybatis/TreatmentMapper.xml	StarrocksRemainingSharedMapperCompatibilityTest#allRemainingSharedMapperStatementsExecuteAgainstRealStarrocks	StarrocksRemainingSharedMapperCompatibilityTest#allRemainingSharedMapperStatementsExecuteAgainstRealStarrocks	VERIFIED
shared	true	org.cbioportal.legacy.persistence.mybatis.VariantCountMapper	fetchVariantCounts	SELECT	genetic_profile,mutation_count_by_keyword	src/main/resources/org/cbioportal/legacy/persistence/mybatis/VariantCountMapper.xml	StarrocksRemainingSharedMapperCompatibilityTest#allRemainingSharedMapperStatementsExecuteAgainstRealStarrocks	StarrocksRemainingSharedMapperCompatibilityTest#allRemainingSharedMapperStatementsExecuteAgainstRealStarrocks	VERIFIED
starrocks	true	org.cbioportal.infrastructure.repository.starrocks.StarrocksSmokeMapper	currentVersion	SELECT		src/main/resources/mappers/starrocks/StarrocksSmokeMapper.xml	StarrocksSmokeMapperTest#selectOneAndVersionAgainstRealStarrocks	StarrocksSmokeMapperTest#selectOneAndVersionAgainstRealStarrocks	VERIFIED
starrocks	true	org.cbioportal.infrastructure.repository.starrocks.StarrocksSmokeMapper	selectOne	SELECT		src/main/resources/mappers/starrocks/StarrocksSmokeMapper.xml	StarrocksSmokeMapperTest#selectOneAndVersionAgainstRealStarrocks	StarrocksSmokeMapperTest#selectOneAndVersionAgainstRealStarrocks	VERIFIED
starrocks	true	org.cbioportal.infrastructure.repository.starrocks.alteration.StarrocksAlterationMapper	getAllMolecularProfiles	SELECT	cancer_study,genetic_profile,reference_genome	src/main/resources/mappers/starrocks/alteration/StarrocksAlterationMapper.xml	StarrocksGenomicAggregateMapperTest#allAlterationAndGenomicAggregateStatementsExecuteAgainstFixture	StarrocksGenomicAggregateMapperTest#allAlterationAndGenomicAggregateStatementsExecuteAgainstFixture	VERIFIED
starrocks	true	org.cbioportal.infrastructure.repository.starrocks.alteration.StarrocksAlterationMapper	getAlterationCountByGeneGivenPatientsAndMolecularProfiles	SELECT	genomic_event_derived	src/main/resources/mappers/starrocks/alteration/StarrocksAlterationMapper.xml	StarrocksGenomicAggregateMapperTest#allAlterationAndGenomicAggregateStatementsExecuteAgainstFixture	StarrocksGenomicAggregateMapperTest#allAlterationAndGenomicAggregateStatementsExecuteAgainstFixture	VERIFIED
starrocks	true	org.cbioportal.infrastructure.repository.starrocks.alteration.StarrocksAlterationMapper	getAlterationCountByGeneGivenSamplesAndMolecularProfiles	SELECT	genomic_event_derived	src/main/resources/mappers/starrocks/alteration/StarrocksAlterationMapper.xml	StarrocksGenomicAggregateMapperTest#allAlterationAndGenomicAggregateStatementsExecuteAgainstFixture	StarrocksGenomicAggregateMapperTest#allAlterationAndGenomicAggregateStatementsExecuteAgainstFixture	VERIFIED
starrocks	true	org.cbioportal.infrastructure.repository.starrocks.alteration.StarrocksAlterationMapper	getCnaGenes	SELECT	alteration_driver_annotation,clinical_data_derived,clinical_event_data_derived,gene_panel_to_gene_derived,generic_assay_data_derived,genetic_alteration_derived,genetic_profile,genomic_event_derived,sample_derived,sample_list,sample_list_list,sample_profile,sample_to_gene_panel_derived,structural_variant	src/main/resources/mappers/starrocks/alteration/StarrocksAlterationMapper.xml	StarrocksGenomicAggregateMapperTest#allAlterationAndGenomicAggregateStatementsExecuteAgainstFixture	StarrocksGenomicAggregateMapperTest#allAlterationAndGenomicAggregateStatementsExecuteAgainstFixture	VERIFIED
starrocks	true	org.cbioportal.infrastructure.repository.starrocks.alteration.StarrocksAlterationMapper	getGenePanelGenes	SELECT	gene,gene_panel_to_gene_derived	src/main/resources/mappers/starrocks/alteration/StarrocksAlterationMapper.xml	StarrocksGenomicAggregateMapperTest#allAlterationAndGenomicAggregateStatementsExecuteAgainstFixture	StarrocksGenomicAggregateMapperTest#allAlterationAndGenomicAggregateStatementsExecuteAgainstFixture	VERIFIED
starrocks	true	org.cbioportal.infrastructure.repository.starrocks.alteration.StarrocksAlterationMapper	getMatchingGenePanelIds	SELECT	alteration_driver_annotation,clinical_data_derived,clinical_event_data_derived,gene_panel_to_gene_derived,generic_assay_data_derived,genetic_alteration_derived,genetic_profile,genomic_event_derived,sample_derived,sample_list,sample_list_list,sample_profile,sample_to_gene_panel_derived,structural_variant	src/main/resources/mappers/starrocks/alteration/StarrocksAlterationMapper.xml	StarrocksGenomicAggregateMapperTest#allAlterationAndGenomicAggregateStatementsExecuteAgainstFixture	StarrocksGenomicAggregateMapperTest#allAlterationAndGenomicAggregateStatementsExecuteAgainstFixture	VERIFIED
starrocks	true	org.cbioportal.infrastructure.repository.starrocks.alteration.StarrocksAlterationMapper	getMutatedGenes	SELECT	alteration_driver_annotation,clinical_data_derived,clinical_event_data_derived,gene_panel_to_gene_derived,generic_assay_data_derived,genetic_alteration_derived,genetic_profile,genomic_event_derived,sample_derived,sample_list,sample_list_list,sample_profile,sample_to_gene_panel_derived,structural_variant	src/main/resources/mappers/starrocks/alteration/StarrocksAlterationMapper.xml	StarrocksGenomicAggregateMapperTest#allAlterationAndGenomicAggregateStatementsExecuteAgainstFixture	StarrocksGenomicAggregateMapperTest#allAlterationAndGenomicAggregateStatementsExecuteAgainstFixture	VERIFIED
starrocks	true	org.cbioportal.infrastructure.repository.starrocks.alteration.StarrocksAlterationMapper	getPatientToGenePanels	SELECT	sample_derived,sample_to_gene_panel_derived	src/main/resources/mappers/starrocks/alteration/StarrocksAlterationMapper.xml	StarrocksGenomicAggregateMapperTest#allAlterationAndGenomicAggregateStatementsExecuteAgainstFixture	StarrocksGenomicAggregateMapperTest#allAlterationAndGenomicAggregateStatementsExecuteAgainstFixture	VERIFIED
starrocks	true	org.cbioportal.infrastructure.repository.starrocks.alteration.StarrocksAlterationMapper	getSampleProfileCountWithoutPanelData	SELECT	alteration_driver_annotation,clinical_data_derived,clinical_event_data_derived,gene_panel_to_gene_derived,generic_assay_data_derived,genetic_alteration_derived,genetic_profile,genomic_event_derived,sample_derived,sample_list,sample_list_list,sample_profile,sample_to_gene_panel_derived,structural_variant	src/main/resources/mappers/starrocks/alteration/StarrocksAlterationMapper.xml	StarrocksGenomicAggregateMapperTest#allAlterationAndGenomicAggregateStatementsExecuteAgainstFixture	StarrocksGenomicAggregateMapperTest#allAlterationAndGenomicAggregateStatementsExecuteAgainstFixture	VERIFIED
starrocks	true	org.cbioportal.infrastructure.repository.starrocks.alteration.StarrocksAlterationMapper	getSampleToGenePanels	SELECT	sample_derived,sample_to_gene_panel_derived	src/main/resources/mappers/starrocks/alteration/StarrocksAlterationMapper.xml	StarrocksGenomicAggregateMapperTest#allAlterationAndGenomicAggregateStatementsExecuteAgainstFixture	StarrocksGenomicAggregateMapperTest#allAlterationAndGenomicAggregateStatementsExecuteAgainstFixture	VERIFIED
starrocks	true	org.cbioportal.infrastructure.repository.starrocks.alteration.StarrocksAlterationMapper	getStructuralVariantGenes	SELECT	alteration_driver_annotation,clinical_data_derived,clinical_event_data_derived,gene_panel_to_gene_derived,generic_assay_data_derived,genetic_alteration_derived,genetic_profile,genomic_event_derived,sample_derived,sample_list,sample_list_list,sample_profile,sample_to_gene_panel_derived,structural_variant	src/main/resources/mappers/starrocks/alteration/StarrocksAlterationMapper.xml	StarrocksGenomicAggregateMapperTest#allAlterationAndGenomicAggregateStatementsExecuteAgainstFixture	StarrocksGenomicAggregateMapperTest#allAlterationAndGenomicAggregateStatementsExecuteAgainstFixture	VERIFIED
starrocks	true	org.cbioportal.infrastructure.repository.starrocks.alteration.StarrocksAlterationMapper	getTotalProfiledCounts	SELECT	alteration_driver_annotation,clinical_data_derived,clinical_event_data_derived,gene_panel_to_gene_derived,generic_assay_data_derived,genetic_alteration_derived,genetic_profile,genomic_event_derived,sample_derived,sample_list,sample_list_list,sample_profile,sample_to_gene_panel_derived,structural_variant	src/main/resources/mappers/starrocks/alteration/StarrocksAlterationMapper.xml	StarrocksGenomicAggregateMapperTest#allAlterationAndGenomicAggregateStatementsExecuteAgainstFixture	StarrocksGenomicAggregateMapperTest#allAlterationAndGenomicAggregateStatementsExecuteAgainstFixture	VERIFIED
starrocks	true	org.cbioportal.infrastructure.repository.starrocks.cancerstudy.StarrocksCancerStudyMapper	getCancerStudiesMetadata	SELECT	cancer_study,clinical_event_data_derived,genomic_event_derived,reference_genome,sample_list,sample_list_list,type_of_cancer	src/main/resources/mappers/starrocks/cancerstudy/StarrocksCancerStudyMapper.xml	StarrocksStudySampleMapperTest#allStudyPatientAndSampleStatementsExecuteAgainstFixture,StarrocksStudySampleRepositoryTest#cancerStudyRepositoryDelegatesAllContractShapes	StarrocksStudySampleMapperTest#allStudyPatientAndSampleStatementsExecuteAgainstFixture,StarrocksStudySampleRepositoryTest#cancerStudyRepositoryDelegatesAllContractShapes	VERIFIED
starrocks	true	org.cbioportal.infrastructure.repository.starrocks.cancerstudy.StarrocksCancerStudyMapper	getCancerStudiesMetadataSummary	SELECT	cancer_study,reference_genome,sample_list,sample_list_list,type_of_cancer	src/main/resources/mappers/starrocks/cancerstudy/StarrocksCancerStudyMapper.xml	StarrocksStudySampleMapperTest#allStudyPatientAndSampleStatementsExecuteAgainstFixture,StarrocksStudySampleRepositoryTest#cancerStudyRepositoryDelegatesAllContractShapes	StarrocksStudySampleMapperTest#allStudyPatientAndSampleStatementsExecuteAgainstFixture,StarrocksStudySampleRepositoryTest#cancerStudyRepositoryDelegatesAllContractShapes	VERIFIED
starrocks	true	org.cbioportal.infrastructure.repository.starrocks.cancerstudy.StarrocksCancerStudyMapper	getFilteredStudyIds	SELECT	alteration_driver_annotation,clinical_data_derived,clinical_event_data_derived,gene_panel_to_gene_derived,generic_assay_data_derived,genetic_alteration_derived,genetic_profile,genomic_event_derived,sample_derived,sample_list,sample_list_list,sample_profile,sample_to_gene_panel_derived,structural_variant	src/main/resources/mappers/starrocks/cancerstudy/StarrocksCancerStudyMapper.xml	StarrocksStudySampleMapperTest#allStudyPatientAndSampleStatementsExecuteAgainstFixture,StarrocksStudySampleRepositoryTest#cancerStudyRepositoryDelegatesAllContractShapes	StarrocksStudySampleMapperTest#allStudyPatientAndSampleStatementsExecuteAgainstFixture,StarrocksStudySampleRepositoryTest#cancerStudyRepositoryDelegatesAllContractShapes	VERIFIED
starrocks	true	org.cbioportal.infrastructure.repository.starrocks.cancerstudy.StarrocksCancerStudyMapper	getResourceCountsForAllStudies	SELECT	cancer_study,patient,resource_definition,resource_patient,resource_sample,sample	src/main/resources/mappers/starrocks/cancerstudy/StarrocksCancerStudyMapper.xml	StarrocksStudySampleMapperTest#allStudyPatientAndSampleStatementsExecuteAgainstFixture,StarrocksStudySampleRepositoryTest#cancerStudyRepositoryDelegatesAllContractShapes	StarrocksStudySampleMapperTest#allStudyPatientAndSampleStatementsExecuteAgainstFixture,StarrocksStudySampleRepositoryTest#cancerStudyRepositoryDelegatesAllContractShapes	VERIFIED
starrocks	true	org.cbioportal.infrastructure.repository.starrocks.clinical_attributes.StarrocksClinicalAttributesMapper	getClinicalAttributes	SELECT	cancer_study,clinical_attribute_meta	src/main/resources/mappers/starrocks/clinical_attributes/StarrocksClinicalAttributesMapper.xml	StarrocksClinicalTreatmentMapperTest#allClinicalEventAndTreatmentStatementsExecuteAgainstFixture	StarrocksClinicalTreatmentMapperTest#allClinicalEventAndTreatmentStatementsExecuteAgainstFixture	VERIFIED
starrocks	true	org.cbioportal.infrastructure.repository.starrocks.clinical_attributes.StarrocksClinicalAttributesMapper	getClinicalAttributesForStudies	SELECT	cancer_study,clinical_attribute_meta	src/main/resources/mappers/starrocks/clinical_attributes/StarrocksClinicalAttributesMapper.xml	StarrocksClinicalTreatmentMapperTest#allClinicalEventAndTreatmentStatementsExecuteAgainstFixture	StarrocksClinicalTreatmentMapperTest#allClinicalEventAndTreatmentStatementsExecuteAgainstFixture	VERIFIED
starrocks	true	org.cbioportal.infrastructure.repository.starrocks.clinical_attributes.StarrocksClinicalAttributesMapper	getClinicalAttributesForStudiesDetailed	SELECT	cancer_study,clinical_attribute_meta	src/main/resources/mappers/starrocks/clinical_attributes/StarrocksClinicalAttributesMapper.xml	StarrocksClinicalTreatmentMapperTest#allClinicalEventAndTreatmentStatementsExecuteAgainstFixture	StarrocksClinicalTreatmentMapperTest#allClinicalEventAndTreatmentStatementsExecuteAgainstFixture	VERIFIED
starrocks	true	org.cbioportal.infrastructure.repository.starrocks.clinical_data.StarrocksClinicalDataMapper	fetchClinicalDataDetailed	SELECT	cancer_study,clinical_attribute_meta,clinical_data_derived	src/main/resources/mappers/starrocks/clinical_data/StarrocksClinicalDataMapper.xml	StarrocksClinicalTreatmentMapperTest#allClinicalEventAndTreatmentStatementsExecuteAgainstFixture	StarrocksClinicalTreatmentMapperTest#allClinicalEventAndTreatmentStatementsExecuteAgainstFixture	VERIFIED
starrocks	true	org.cbioportal.infrastructure.repository.starrocks.clinical_data.StarrocksClinicalDataMapper	fetchClinicalDataId	SELECT	clinical_data_derived	src/main/resources/mappers/starrocks/clinical_data/StarrocksClinicalDataMapper.xml	StarrocksClinicalTreatmentMapperTest#allClinicalEventAndTreatmentStatementsExecuteAgainstFixture	StarrocksClinicalTreatmentMapperTest#allClinicalEventAndTreatmentStatementsExecuteAgainstFixture	VERIFIED
starrocks	true	org.cbioportal.infrastructure.repository.starrocks.clinical_data.StarrocksClinicalDataMapper	fetchClinicalDataMeta	SELECT	clinical_data_derived	src/main/resources/mappers/starrocks/clinical_data/StarrocksClinicalDataMapper.xml	StarrocksClinicalTreatmentMapperTest#allClinicalEventAndTreatmentStatementsExecuteAgainstFixture	StarrocksClinicalTreatmentMapperTest#allClinicalEventAndTreatmentStatementsExecuteAgainstFixture	VERIFIED
starrocks	true	org.cbioportal.infrastructure.repository.starrocks.clinical_data.StarrocksClinicalDataMapper	fetchClinicalDataSummary	SELECT	clinical_data_derived	src/main/resources/mappers/starrocks/clinical_data/StarrocksClinicalDataMapper.xml	StarrocksClinicalTreatmentMapperTest#allClinicalEventAndTreatmentStatementsExecuteAgainstFixture	StarrocksClinicalTreatmentMapperTest#allClinicalEventAndTreatmentStatementsExecuteAgainstFixture	VERIFIED
starrocks	true	org.cbioportal.infrastructure.repository.starrocks.clinical_data.StarrocksClinicalDataMapper	fetchClinicalDataSummaryForEnrichments	SELECT	clinical_data_derived,sample_derived	src/main/resources/mappers/starrocks/clinical_data/StarrocksClinicalDataMapper.xml	StarrocksClinicalTreatmentMapperTest#allClinicalEventAndTreatmentStatementsExecuteAgainstFixture	StarrocksClinicalTreatmentMapperTest#allClinicalEventAndTreatmentStatementsExecuteAgainstFixture	VERIFIED
starrocks	true	org.cbioportal.infrastructure.repository.starrocks.clinical_data.StarrocksClinicalDataMapper	getClinicalDataCountsByStudyViewFilter	SELECT	alteration_driver_annotation,clinical_data_derived,clinical_event_data_derived,gene_panel_to_gene_derived,generic_assay_data_derived,genetic_alteration_derived,genetic_profile,genomic_event_derived,sample_derived,sample_list,sample_list_list,sample_profile,sample_to_gene_panel_derived,structural_variant	src/main/resources/mappers/starrocks/clinical_data/StarrocksClinicalDataMapper.xml	StarrocksClinicalTreatmentMapperTest#allClinicalEventAndTreatmentStatementsExecuteAgainstFixture	StarrocksClinicalTreatmentMapperTest#allClinicalEventAndTreatmentStatementsExecuteAgainstFixture	VERIFIED
starrocks	true	org.cbioportal.infrastructure.repository.starrocks.clinical_data.StarrocksClinicalDataMapper	getClinicalDataCountsForEnrichments	SELECT	clinical_data_derived,sample_derived	src/main/resources/mappers/starrocks/clinical_data/StarrocksClinicalDataMapper.xml	StarrocksClinicalTreatmentMapperTest#allClinicalEventAndTreatmentStatementsExecuteAgainstFixture	StarrocksClinicalTreatmentMapperTest#allClinicalEventAndTreatmentStatementsExecuteAgainstFixture	VERIFIED
starrocks	true	org.cbioportal.infrastructure.repository.starrocks.clinical_data.StarrocksClinicalDataMapper	getPatientClinicalDataByStudyViewFilter	SELECT	alteration_driver_annotation,clinical_data_derived,clinical_event_data_derived,gene_panel_to_gene_derived,generic_assay_data_derived,genetic_alteration_derived,genetic_profile,genomic_event_derived,sample_derived,sample_list,sample_list_list,sample_profile,sample_to_gene_panel_derived,structural_variant	src/main/resources/mappers/starrocks/clinical_data/StarrocksClinicalDataMapper.xml	StarrocksClinicalTreatmentMapperTest#allClinicalEventAndTreatmentStatementsExecuteAgainstFixture	StarrocksClinicalTreatmentMapperTest#allClinicalEventAndTreatmentStatementsExecuteAgainstFixture	VERIFIED
starrocks	true	org.cbioportal.infrastructure.repository.starrocks.clinical_data.StarrocksClinicalDataMapper	getSampleClinicalDataByStudyViewFilter	SELECT	alteration_driver_annotation,clinical_data_derived,clinical_event_data_derived,gene_panel_to_gene_derived,generic_assay_data_derived,genetic_alteration_derived,genetic_profile,genomic_event_derived,sample_derived,sample_list,sample_list_list,sample_profile,sample_to_gene_panel_derived,structural_variant	src/main/resources/mappers/starrocks/clinical_data/StarrocksClinicalDataMapper.xml	StarrocksClinicalTreatmentMapperTest#allClinicalEventAndTreatmentStatementsExecuteAgainstFixture	StarrocksClinicalTreatmentMapperTest#allClinicalEventAndTreatmentStatementsExecuteAgainstFixture	VERIFIED
starrocks	true	org.cbioportal.infrastructure.repository.starrocks.clinical_event.StarrocksClinicalEventMapper	getClinicalEventTypeCounts	SELECT	alteration_driver_annotation,clinical_data_derived,clinical_event_data_derived,gene_panel_to_gene_derived,generic_assay_data_derived,genetic_alteration_derived,genetic_profile,genomic_event_derived,sample_derived,sample_list,sample_list_list,sample_profile,sample_to_gene_panel_derived,structural_variant	src/main/resources/mappers/starrocks/clinical_event/StarrocksClinicalEventMapper.xml	StarrocksClinicalTreatmentMapperTest#allClinicalEventAndTreatmentStatementsExecuteAgainstFixture	StarrocksClinicalTreatmentMapperTest#allClinicalEventAndTreatmentStatementsExecuteAgainstFixture	VERIFIED
starrocks	true	org.cbioportal.infrastructure.repository.starrocks.coexpression.StarrocksCoExpressionMapper	getCoExpressionAggregates	SELECT	gene,genetic_alteration_derived	src/main/resources/mappers/starrocks/coexpression/StarrocksCoExpressionMapper.xml	StarrocksGenomicAggregateMapperTest#allAlterationAndGenomicAggregateStatementsExecuteAgainstFixture	StarrocksGenomicAggregateMapperTest#allAlterationAndGenomicAggregateStatementsExecuteAgainstFixture	VERIFIED
starrocks	true	org.cbioportal.infrastructure.repository.starrocks.generic_assay.StarrocksGenericAssayMapper	getFilteredMolecularProfilesByAlterationType	SELECT	alteration_driver_annotation,cancer_study,clinical_data_derived,clinical_event_data_derived,gene_panel_to_gene_derived,generic_assay_data_derived,genetic_alteration_derived,genetic_profile,genomic_event_derived,sample_derived,sample_list,sample_list_list,sample_profile,sample_to_gene_panel_derived,structural_variant	src/main/resources/mappers/starrocks/generic_assay/StarrocksGenericAssayMapper.xml	StarrocksGenomicAggregateMapperTest#allAlterationAndGenomicAggregateStatementsExecuteAgainstFixture	StarrocksGenomicAggregateMapperTest#allAlterationAndGenomicAggregateStatementsExecuteAgainstFixture	VERIFIED
starrocks	true	org.cbioportal.infrastructure.repository.starrocks.generic_assay.StarrocksGenericAssayMapper	getGenericAssayDataCountRows	SELECT	alteration_driver_annotation,clinical_data_derived,clinical_event_data_derived,gene_panel_to_gene_derived,generic_assay_data_derived,genetic_alteration_derived,genetic_profile,genomic_event_derived,sample_derived,sample_list,sample_list_list,sample_profile,sample_to_gene_panel_derived,structural_variant	src/main/resources/mappers/starrocks/generic_assay/StarrocksGenericAssayMapper.xml	StarrocksGenomicAggregateMapperTest#allAlterationAndGenomicAggregateStatementsExecuteAgainstFixture	StarrocksGenomicAggregateMapperTest#allAlterationAndGenomicAggregateStatementsExecuteAgainstFixture	VERIFIED
starrocks	true	org.cbioportal.infrastructure.repository.starrocks.generic_assay.StarrocksGenericAssayMapper	getGenericAssayMetaByProfileIds	SELECT	generic_assay_meta_derived,generic_assay_profile_entity_derived	src/main/resources/mappers/starrocks/generic_assay/StarrocksGenericAssayMapper.xml	StarrocksGenomicAggregateMapperTest#allAlterationAndGenomicAggregateStatementsExecuteAgainstFixture	StarrocksGenomicAggregateMapperTest#allAlterationAndGenomicAggregateStatementsExecuteAgainstFixture	VERIFIED
starrocks	true	org.cbioportal.infrastructure.repository.starrocks.generic_assay.StarrocksGenericAssayMapper	getGenericAssayMetaByStableIds	SELECT	generic_assay_meta_derived	src/main/resources/mappers/starrocks/generic_assay/StarrocksGenericAssayMapper.xml	StarrocksGenomicAggregateMapperTest#allAlterationAndGenomicAggregateStatementsExecuteAgainstFixture	StarrocksGenomicAggregateMapperTest#allAlterationAndGenomicAggregateStatementsExecuteAgainstFixture	VERIFIED
starrocks	true	org.cbioportal.infrastructure.repository.starrocks.generic_assay.StarrocksGenericAssayMapper	getGenericAssayProfiles	SELECT	cancer_study,genetic_profile,reference_genome	src/main/resources/mappers/starrocks/generic_assay/StarrocksGenericAssayMapper.xml	StarrocksGenomicAggregateMapperTest#allAlterationAndGenomicAggregateStatementsExecuteAgainstFixture	StarrocksGenomicAggregateMapperTest#allAlterationAndGenomicAggregateStatementsExecuteAgainstFixture	VERIFIED
starrocks	true	org.cbioportal.infrastructure.repository.starrocks.generic_assay.StarrocksGenericAssayMapper	getGenericAssayStableIdsByProfileIds	SELECT	generic_assay_profile_entity_derived	src/main/resources/mappers/starrocks/generic_assay/StarrocksGenericAssayMapper.xml	StarrocksGenomicAggregateMapperTest#allAlterationAndGenomicAggregateStatementsExecuteAgainstFixture	StarrocksGenomicAggregateMapperTest#allAlterationAndGenomicAggregateStatementsExecuteAgainstFixture	VERIFIED
starrocks	true	org.cbioportal.infrastructure.repository.starrocks.genomic_data.StarrocksGenomicDataMapper	getCNACounts	SELECT	alteration_driver_annotation,clinical_data_derived,clinical_event_data_derived,gene_panel_to_gene_derived,generic_assay_data_derived,genetic_alteration_derived,genetic_profile,genomic_event_derived,sample_derived,sample_list,sample_list_list,sample_profile,sample_to_gene_panel_derived,structural_variant	src/main/resources/mappers/starrocks/genomic_data/StarrocksGenomicDataMapper.xml	StarrocksGenomicAggregateMapperTest#allAlterationAndGenomicAggregateStatementsExecuteAgainstFixture	StarrocksGenomicAggregateMapperTest#allAlterationAndGenomicAggregateStatementsExecuteAgainstFixture	VERIFIED
starrocks	true	org.cbioportal.infrastructure.repository.starrocks.genomic_data.StarrocksGenomicDataMapper	getGenomicDataBinCounts	SELECT	alteration_driver_annotation,clinical_data_derived,clinical_event_data_derived,gene_panel_to_gene_derived,generic_assay_data_derived,genetic_alteration_derived,genetic_profile,genomic_event_derived,sample_derived,sample_list,sample_list_list,sample_profile,sample_to_gene_panel_derived,structural_variant	src/main/resources/mappers/starrocks/genomic_data/StarrocksGenomicDataMapper.xml	StarrocksGenomicAggregateMapperTest#allAlterationAndGenomicAggregateStatementsExecuteAgainstFixture	StarrocksGenomicAggregateMapperTest#allAlterationAndGenomicAggregateStatementsExecuteAgainstFixture	VERIFIED
starrocks	true	org.cbioportal.infrastructure.repository.starrocks.genomic_data.StarrocksGenomicDataMapper	getMolecularProfileSampleCounts	SELECT	alteration_driver_annotation,clinical_data_derived,clinical_event_data_derived,gene_panel_to_gene_derived,generic_assay_data_derived,genetic_alteration_derived,genetic_profile,genomic_event_derived,sample_derived,sample_list,sample_list_list,sample_profile,sample_to_gene_panel_derived,structural_variant	src/main/resources/mappers/starrocks/genomic_data/StarrocksGenomicDataMapper.xml	StarrocksGenomicAggregateMapperTest#allAlterationAndGenomicAggregateStatementsExecuteAgainstFixture	StarrocksGenomicAggregateMapperTest#allAlterationAndGenomicAggregateStatementsExecuteAgainstFixture	VERIFIED
starrocks	true	org.cbioportal.infrastructure.repository.starrocks.genomic_data.StarrocksGenomicDataMapper	getMutationCounts	SELECT	alteration_driver_annotation,clinical_data_derived,clinical_event_data_derived,gene_panel_to_gene_derived,generic_assay_data_derived,genetic_alteration_derived,genetic_profile,genomic_event_derived,sample_derived,sample_list,sample_list_list,sample_profile,sample_to_gene_panel_derived,structural_variant	src/main/resources/mappers/starrocks/genomic_data/StarrocksGenomicDataMapper.xml	StarrocksGenomicAggregateMapperTest#allAlterationAndGenomicAggregateStatementsExecuteAgainstFixture	StarrocksGenomicAggregateMapperTest#allAlterationAndGenomicAggregateStatementsExecuteAgainstFixture	VERIFIED
starrocks	true	org.cbioportal.infrastructure.repository.starrocks.genomic_data.StarrocksGenomicDataMapper	getMutationCountsByType	SELECT	alteration_driver_annotation,clinical_data_derived,clinical_event_data_derived,gene_panel_to_gene_derived,generic_assay_data_derived,genetic_alteration_derived,genetic_profile,genomic_event_derived,sample_derived,sample_list,sample_list_list,sample_profile,sample_to_gene_panel_derived,structural_variant	src/main/resources/mappers/starrocks/genomic_data/StarrocksGenomicDataMapper.xml	StarrocksGenomicAggregateMapperTest#allAlterationAndGenomicAggregateStatementsExecuteAgainstFixture	StarrocksGenomicAggregateMapperTest#allAlterationAndGenomicAggregateStatementsExecuteAgainstFixture	VERIFIED
starrocks	true	org.cbioportal.infrastructure.repository.starrocks.patient.StarrocksPatientMapper	getCaseListDataCounts	SELECT	alteration_driver_annotation,clinical_data_derived,clinical_event_data_derived,gene_panel_to_gene_derived,generic_assay_data_derived,genetic_alteration_derived,genetic_profile,genomic_event_derived,sample_derived,sample_list,sample_list_list,sample_profile,sample_to_gene_panel_derived,structural_variant	src/main/resources/mappers/starrocks/patient/StarrocksPatientMapper.xml	StarrocksStudySampleMapperTest#allStudyPatientAndSampleStatementsExecuteAgainstFixture,StarrocksStudySampleRepositoryTest#patientRepositoryDelegatesCounts	StarrocksStudySampleMapperTest#allStudyPatientAndSampleStatementsExecuteAgainstFixture,StarrocksStudySampleRepositoryTest#patientRepositoryDelegatesCounts	VERIFIED
starrocks	true	org.cbioportal.infrastructure.repository.starrocks.patient.StarrocksPatientMapper	getPatientCount	SELECT	alteration_driver_annotation,clinical_data_derived,clinical_event_data_derived,gene_panel_to_gene_derived,generic_assay_data_derived,genetic_alteration_derived,genetic_profile,genomic_event_derived,sample_derived,sample_list,sample_list_list,sample_profile,sample_to_gene_panel_derived,structural_variant	src/main/resources/mappers/starrocks/patient/StarrocksPatientMapper.xml	StarrocksStudySampleMapperTest#allStudyPatientAndSampleStatementsExecuteAgainstFixture,StarrocksStudySampleRepositoryTest#patientRepositoryDelegatesCounts	StarrocksStudySampleMapperTest#allStudyPatientAndSampleStatementsExecuteAgainstFixture,StarrocksStudySampleRepositoryTest#patientRepositoryDelegatesCounts	VERIFIED
starrocks	true	org.cbioportal.infrastructure.repository.starrocks.sample.StarrocksSampleMapper	getDetailedSamples	SELECT	cancer_study,patient,reference_genome,sample_derived	src/main/resources/mappers/starrocks/sample/StarrocksSampleMapper.xml	StarrocksStudySampleMapperTest#allStudyPatientAndSampleStatementsExecuteAgainstFixture,StarrocksStudySampleRepositoryTest#sampleRepositorySelectsProjectionAndCalculatesOffset	StarrocksStudySampleMapperTest#allStudyPatientAndSampleStatementsExecuteAgainstFixture,StarrocksStudySampleRepositoryTest#sampleRepositorySelectsProjectionAndCalculatesOffset	VERIFIED
starrocks	true	org.cbioportal.infrastructure.repository.starrocks.sample.StarrocksSampleMapper	getDetailedSamplesBySampleListIds	SELECT	cancer_study,patient,reference_genome,sample_derived,sample_list,sample_list_list	src/main/resources/mappers/starrocks/sample/StarrocksSampleMapper.xml	StarrocksStudySampleMapperTest#allStudyPatientAndSampleStatementsExecuteAgainstFixture	StarrocksStudySampleMapperTest#allStudyPatientAndSampleStatementsExecuteAgainstFixture	VERIFIED
starrocks	true	org.cbioportal.infrastructure.repository.starrocks.sample.StarrocksSampleMapper	getFilteredSamples	SELECT	alteration_driver_annotation,clinical_data_derived,clinical_event_data_derived,gene_panel_to_gene_derived,generic_assay_data_derived,genetic_alteration_derived,genetic_profile,genomic_event_derived,sample_derived,sample_list,sample_list_list,sample_profile,sample_to_gene_panel_derived,structural_variant	src/main/resources/mappers/starrocks/sample/StarrocksSampleMapper.xml	StarrocksGenomicAggregateMapperTest#allAlterationAndGenomicAggregateStatementsExecuteAgainstFixture,StarrocksResidualStudyViewFilterMapperTest#residualFilterFamiliesExecuteAgainstRealStarrocks,StarrocksStudySampleMapperTest#allStudyPatientAndSampleStatementsExecuteAgainstFixture	StarrocksGenomicAggregateMapperTest#allAlterationAndGenomicAggregateStatementsExecuteAgainstFixture,StarrocksResidualStudyViewFilterMapperTest#residualFilterFamiliesExecuteAgainstRealStarrocks,StarrocksStudySampleMapperTest#allStudyPatientAndSampleStatementsExecuteAgainstFixture	VERIFIED
starrocks	true	org.cbioportal.infrastructure.repository.starrocks.sample.StarrocksSampleMapper	getMetaSamples	SELECT	sample_derived	src/main/resources/mappers/starrocks/sample/StarrocksSampleMapper.xml	StarrocksStudySampleMapperTest#allStudyPatientAndSampleStatementsExecuteAgainstFixture	StarrocksStudySampleMapperTest#allStudyPatientAndSampleStatementsExecuteAgainstFixture	VERIFIED
starrocks	true	org.cbioportal.infrastructure.repository.starrocks.sample.StarrocksSampleMapper	getMetaSamplesBySampleListIds	SELECT	sample_derived,sample_list,sample_list_list	src/main/resources/mappers/starrocks/sample/StarrocksSampleMapper.xml	StarrocksStudySampleMapperTest#allStudyPatientAndSampleStatementsExecuteAgainstFixture	StarrocksStudySampleMapperTest#allStudyPatientAndSampleStatementsExecuteAgainstFixture	VERIFIED
starrocks	true	org.cbioportal.infrastructure.repository.starrocks.sample.StarrocksSampleMapper	getSample	SELECT	cancer_study,patient,reference_genome,sample_derived	src/main/resources/mappers/starrocks/sample/StarrocksSampleMapper.xml	StarrocksStudySampleMapperTest#allStudyPatientAndSampleStatementsExecuteAgainstFixture	StarrocksStudySampleMapperTest#allStudyPatientAndSampleStatementsExecuteAgainstFixture	VERIFIED
starrocks	true	org.cbioportal.infrastructure.repository.starrocks.sample.StarrocksSampleMapper	getSampleCount	SELECT	alteration_driver_annotation,clinical_data_derived,clinical_event_data_derived,gene_panel_to_gene_derived,generic_assay_data_derived,genetic_alteration_derived,genetic_profile,genomic_event_derived,sample_derived,sample_list,sample_list_list,sample_profile,sample_to_gene_panel_derived,structural_variant	src/main/resources/mappers/starrocks/sample/StarrocksSampleMapper.xml	StarrocksResidualStudyViewFilterMapperTest#residualFilterFamiliesExecuteAgainstRealStarrocks,StarrocksStudySampleMapperTest#allStudyPatientAndSampleStatementsExecuteAgainstFixture	StarrocksResidualStudyViewFilterMapperTest#residualFilterFamiliesExecuteAgainstRealStarrocks,StarrocksStudySampleMapperTest#allStudyPatientAndSampleStatementsExecuteAgainstFixture	VERIFIED
starrocks	true	org.cbioportal.infrastructure.repository.starrocks.sample.StarrocksSampleMapper	getSamples	SELECT	sample_derived	src/main/resources/mappers/starrocks/sample/StarrocksSampleMapper.xml	StarrocksStudySampleMapperTest#allStudyPatientAndSampleStatementsExecuteAgainstFixture,StarrocksStudySampleRepositoryTest#sampleRepositorySelectsProjectionAndCalculatesOffset	StarrocksStudySampleMapperTest#allStudyPatientAndSampleStatementsExecuteAgainstFixture,StarrocksStudySampleRepositoryTest#sampleRepositorySelectsProjectionAndCalculatesOffset	VERIFIED
starrocks	true	org.cbioportal.infrastructure.repository.starrocks.sample.StarrocksSampleMapper	getSamplesBySampleListIds	SELECT	sample_derived,sample_list,sample_list_list	src/main/resources/mappers/starrocks/sample/StarrocksSampleMapper.xml	StarrocksStudySampleMapperTest#allStudyPatientAndSampleStatementsExecuteAgainstFixture	StarrocksStudySampleMapperTest#allStudyPatientAndSampleStatementsExecuteAgainstFixture	VERIFIED
starrocks	true	org.cbioportal.infrastructure.repository.starrocks.sample.StarrocksSampleMapper	getSummarySamples	SELECT	sample_derived	src/main/resources/mappers/starrocks/sample/StarrocksSampleMapper.xml	StarrocksStudySampleMapperTest#allStudyPatientAndSampleStatementsExecuteAgainstFixture	StarrocksStudySampleMapperTest#allStudyPatientAndSampleStatementsExecuteAgainstFixture	VERIFIED
starrocks	true	org.cbioportal.infrastructure.repository.starrocks.sample.StarrocksSampleMapper	getSummarySamplesBySampleListIds	SELECT	sample_derived,sample_list,sample_list_list	src/main/resources/mappers/starrocks/sample/StarrocksSampleMapper.xml	StarrocksStudySampleMapperTest#allStudyPatientAndSampleStatementsExecuteAgainstFixture,StarrocksStudySampleRepositoryTest#sampleRepositorySelectsProjectionAndCalculatesOffset	StarrocksStudySampleMapperTest#allStudyPatientAndSampleStatementsExecuteAgainstFixture,StarrocksStudySampleRepositoryTest#sampleRepositorySelectsProjectionAndCalculatesOffset	VERIFIED
starrocks	true	org.cbioportal.infrastructure.repository.starrocks.treatment.StarrocksTreatmentMapper	getPatientTreatmentCounts	SELECT	alteration_driver_annotation,clinical_data_derived,clinical_event_data_derived,gene_panel_to_gene_derived,generic_assay_data_derived,genetic_alteration_derived,genetic_profile,genomic_event_derived,sample_derived,sample_list,sample_list_list,sample_profile,sample_to_gene_panel_derived,structural_variant	src/main/resources/mappers/starrocks/treatment/StarrocksTreatmentMapper.xml	StarrocksClinicalTreatmentMapperTest#allClinicalEventAndTreatmentStatementsExecuteAgainstFixture	StarrocksClinicalTreatmentMapperTest#allClinicalEventAndTreatmentStatementsExecuteAgainstFixture	VERIFIED
starrocks	true	org.cbioportal.infrastructure.repository.starrocks.treatment.StarrocksTreatmentMapper	getPatientTreatments	SELECT	alteration_driver_annotation,clinical_data_derived,clinical_event_data_derived,gene_panel_to_gene_derived,generic_assay_data_derived,genetic_alteration_derived,genetic_profile,genomic_event_derived,sample_derived,sample_list,sample_list_list,sample_profile,sample_to_gene_panel_derived,structural_variant	src/main/resources/mappers/starrocks/treatment/StarrocksTreatmentMapper.xml	StarrocksClinicalTreatmentMapperTest#allClinicalEventAndTreatmentStatementsExecuteAgainstFixture	StarrocksClinicalTreatmentMapperTest#allClinicalEventAndTreatmentStatementsExecuteAgainstFixture	VERIFIED
starrocks	true	org.cbioportal.infrastructure.repository.starrocks.treatment.StarrocksTreatmentMapper	getSampleTreatmentRows	SELECT	alteration_driver_annotation,clinical_data_derived,clinical_event_data_derived,gene_panel_to_gene_derived,generic_assay_data_derived,genetic_alteration_derived,genetic_profile,genomic_event_derived,sample_derived,sample_list,sample_list_list,sample_profile,sample_to_gene_panel_derived,structural_variant	src/main/resources/mappers/starrocks/treatment/StarrocksTreatmentMapper.xml	StarrocksClinicalTreatmentMapperTest#allClinicalEventAndTreatmentStatementsExecuteAgainstFixture	StarrocksClinicalTreatmentMapperTest#allClinicalEventAndTreatmentStatementsExecuteAgainstFixture	VERIFIED
starrocks	true	org.cbioportal.infrastructure.repository.starrocks.treatment.StarrocksTreatmentMapper	getTotalSampleTreatmentCounts	SELECT	alteration_driver_annotation,clinical_data_derived,clinical_event_data_derived,gene_panel_to_gene_derived,generic_assay_data_derived,genetic_alteration_derived,genetic_profile,genomic_event_derived,sample_derived,sample_list,sample_list_list,sample_profile,sample_to_gene_panel_derived,structural_variant	src/main/resources/mappers/starrocks/treatment/StarrocksTreatmentMapper.xml	StarrocksClinicalTreatmentMapperTest#allClinicalEventAndTreatmentStatementsExecuteAgainstFixture	StarrocksClinicalTreatmentMapperTest#allClinicalEventAndTreatmentStatementsExecuteAgainstFixture	VERIFIED
